Generated: 2026-09-21T19:14:01
Algorithm: QAdaPrune-RigL-Q (v10) -- movement-pruning drop + RigL grow + cubic sparsity ramp + progressive 6-bit-style QAT (see v9), on a corrected experiment: trainable readout, dead parameters excluded from sparsity, one shared training recipe for all arms, negative-control and ablation arms, full-eval-set noisy evaluation, Holm-corrected paired statistics with bootstrap CIs and non-inferiority verdicts.
Run config:
  save: qadaprune_v10_run
  report_name: exp10.txt
  selftest: False
  resume: False
  device: auto
  data_root: ./data
  datasets: ['mnist', 'fashionmnist']
  qubits: [4, 6]
  layers: 4
  seeds: [0, 1, 2, 3, 4, 5, 6, 7, 8, 9, 10, 11, 12, 13, 14, 15, 16, 17, 18, 19]
  sparsities: [0.1, 0.25, 0.4]
  noise_levels: [0.03, 0.05, 0.1]
  twoq_noise_mult: 1.0
  n_train: 800
  n_val: 800
  eval_split: val
  feature_mode: z
  init_scale: 3.141592653589793
  steps: 300
  win_sz: 10
  lr: 0.05
  lr_readout: 0.05
  lr_min_frac: 0.02
  lr_boost: 1.5
  prune_start_frac: 0.1
  prune_end_frac: 0.6
  max_round_freeze_frac: 0.1
  movement_ema_beta: 0.6
  cycle_frac_init: 0.3
  protect_entangling_frac: 0.34
  distill_hardness_max: 0.7
  distill_hardness_min: 0.2
  quant_bits: 6
  quant_initial_bits: 16
  quant_start_frac: 0.2
  quant_end_frac: 0.7
  quant_stages: 4
  convergence_window_frac: 0.15
  convergence_rel_threshold: 0.03
  arms: None
  ni_margin: 0.02
  n_boot: 5000
  skip_sanity_check: False

Total sweep run time: 7:09:29.140000
Total records: 7360

================================================================================================
CLASSICAL SANITY BASELINE (logistic regression, same PCA features)
================================================================================================
fashionmnist   q=4   logreg=0.9201   dense_fp circuit=0.7436   gap=+0.1765
fashionmnist   q=6   logreg=0.9258   dense_fp circuit=0.7584   gap=+0.1674
mnist          q=4   logreg=0.9859   dense_fp circuit=0.8045   gap=+0.1814
mnist          q=6   logreg=0.9875   dense_fp circuit=0.8159   gap=+0.1716
A large positive gap means the quantum pipeline (not the data) is the bottleneck; pruning conclusions are only meaningful if the dense circuit is close to this line.

================================================================================================
VALIDATION METRICS (mean +/- 95% t-CI across seeds; every noise level on the same eval set)
================================================================================================
dataset      q  run_type           spars  noise  n   acc     ci      auc     ci      loss    conv% 
fashionmnist 4  dense_fp           0.00   0.000  20  0.7436  0.0155  0.8170  0.0198  0.5184  100   
fashionmnist 4  dense_fp           0.00   0.030  20  0.7001  0.0238  0.7947  0.0268  0.5973  100   
fashionmnist 4  dense_fp           0.00   0.050  20  0.6243  0.0385  0.7634  0.0354  0.6469  100   
fashionmnist 4  dense_fp           0.00   0.100  20  0.5373  0.0336  0.7027  0.0468  0.6968  100   
fashionmnist 4  dense_qat          0.00   0.000  20  0.7365  0.0172  0.8139  0.0201  0.5225  100   
fashionmnist 4  dense_qat          0.00   0.030  20  0.6999  0.0241  0.7943  0.0260  0.5942  100   
fashionmnist 4  dense_qat          0.00   0.050  20  0.6353  0.0368  0.7659  0.0339  0.6434  100   
fashionmnist 4  dense_qat          0.00   0.100  20  0.5421  0.0382  0.7086  0.0459  0.6949  100   
fashionmnist 4  random_qat         0.10   0.000  20  0.7312  0.0171  0.8069  0.0203  0.5301  100   
fashionmnist 4  random_qat         0.10   0.030  20  0.7027  0.0244  0.7984  0.0219  0.5856  100   
fashionmnist 4  random_qat         0.10   0.050  20  0.6457  0.0410  0.7822  0.0277  0.6262  100   
fashionmnist 4  random_qat         0.10   0.100  20  0.5691  0.0446  0.7391  0.0415  0.6798  100   
fashionmnist 4  random_qat         0.25   0.000  20  0.7262  0.0178  0.7998  0.0219  0.5369  100   
fashionmnist 4  random_qat         0.25   0.030  20  0.7109  0.0197  0.7948  0.0221  0.5761  100   
fashionmnist 4  random_qat         0.25   0.050  20  0.6783  0.0287  0.7873  0.0220  0.6100  100   
fashionmnist 4  random_qat         0.25   0.100  20  0.5921  0.0419  0.7602  0.0275  0.6659  100   
fashionmnist 4  random_qat         0.40   0.000  20  0.7114  0.0239  0.7834  0.0267  0.5535  100   
fashionmnist 4  random_qat         0.40   0.030  20  0.7076  0.0223  0.7821  0.0264  0.5741  100   
fashionmnist 4  random_qat         0.40   0.050  20  0.6962  0.0207  0.7799  0.0259  0.5962  100   
fashionmnist 4  random_qat         0.40   0.100  20  0.6387  0.0357  0.7710  0.0250  0.6448  100   
fashionmnist 4  magnitude_qat      0.10   0.000  20  0.7392  0.0140  0.8129  0.0187  0.5246  100   
fashionmnist 4  magnitude_qat      0.10   0.030  20  0.7057  0.0203  0.7988  0.0201  0.5884  100   
fashionmnist 4  magnitude_qat      0.10   0.050  20  0.6468  0.0400  0.7756  0.0274  0.6351  100   
fashionmnist 4  magnitude_qat      0.10   0.100  20  0.5569  0.0427  0.7265  0.0388  0.6889  100   
fashionmnist 4  magnitude_qat      0.25   0.000  20  0.7310  0.0168  0.8055  0.0195  0.5323  100   
fashionmnist 4  magnitude_qat      0.25   0.030  20  0.7031  0.0223  0.7970  0.0207  0.5808  100   
fashionmnist 4  magnitude_qat      0.25   0.050  20  0.6606  0.0366  0.7815  0.0269  0.6212  100   
fashionmnist 4  magnitude_qat      0.25   0.100  20  0.5694  0.0402  0.7437  0.0392  0.6782  100   
fashionmnist 4  magnitude_qat      0.40   0.000  20  0.6933  0.0213  0.7692  0.0230  0.5680  100   
fashionmnist 4  magnitude_qat      0.40   0.030  20  0.6873  0.0251  0.7650  0.0241  0.5845  100   
fashionmnist 4  magnitude_qat      0.40   0.050  20  0.6804  0.0266  0.7604  0.0250  0.6036  100   
fashionmnist 4  magnitude_qat      0.40   0.100  20  0.6291  0.0347  0.7490  0.0278  0.6469  100   
fashionmnist 4  movement_qat       0.10   0.000  20  0.7292  0.0185  0.8022  0.0203  0.5358  100   
fashionmnist 4  movement_qat       0.10   0.030  20  0.7111  0.0224  0.7948  0.0210  0.5805  100   
fashionmnist 4  movement_qat       0.10   0.050  20  0.6766  0.0306  0.7832  0.0232  0.6166  100   
fashionmnist 4  movement_qat       0.10   0.100  20  0.5796  0.0433  0.7581  0.0300  0.6715  100   
fashionmnist 4  movement_qat       0.25   0.000  20  0.7187  0.0176  0.7919  0.0181  0.5481  100   
fashionmnist 4  movement_qat       0.25   0.030  20  0.7031  0.0200  0.7853  0.0187  0.5777  100   
fashionmnist 4  movement_qat       0.25   0.050  20  0.6861  0.0232  0.7785  0.0195  0.6051  100   
fashionmnist 4  movement_qat       0.25   0.100  20  0.6158  0.0348  0.7624  0.0214  0.6571  100   
fashionmnist 4  movement_qat       0.40   0.000  20  0.6947  0.0244  0.7684  0.0261  0.5695  100   
fashionmnist 4  movement_qat       0.40   0.030  20  0.6889  0.0231  0.7662  0.0262  0.5869  100   
fashionmnist 4  movement_qat       0.40   0.050  20  0.6807  0.0220  0.7632  0.0267  0.6048  100   
fashionmnist 4  movement_qat       0.40   0.100  20  0.6333  0.0326  0.7557  0.0275  0.6459  100   
fashionmnist 4  movement_rigl_qat  0.10   0.000  20  0.7316  0.0173  0.8017  0.0215  0.5361  100   
fashionmnist 4  movement_rigl_qat  0.10   0.030  20  0.7119  0.0214  0.7944  0.0209  0.5819  100   
fashionmnist 4  movement_rigl_qat  0.10   0.050  20  0.6727  0.0287  0.7816  0.0234  0.6179  100   
fashionmnist 4  movement_rigl_qat  0.10   0.100  20  0.5661  0.0450  0.7535  0.0325  0.6720  100   
fashionmnist 4  movement_rigl_qat  0.25   0.000  20  0.7210  0.0199  0.7923  0.0228  0.5459  100   
fashionmnist 4  movement_rigl_qat  0.25   0.030  20  0.7137  0.0177  0.7889  0.0233  0.5775  100   
fashionmnist 4  movement_rigl_qat  0.25   0.050  20  0.6909  0.0269  0.7845  0.0233  0.6072  100   
fashionmnist 4  movement_rigl_qat  0.25   0.100  20  0.6116  0.0432  0.7698  0.0221  0.6613  100   
fashionmnist 4  movement_rigl_qat  0.40   0.000  20  0.6967  0.0215  0.7713  0.0230  0.5667  100   
fashionmnist 4  movement_rigl_qat  0.40   0.030  20  0.6910  0.0216  0.7689  0.0236  0.5841  100   
fashionmnist 4  movement_rigl_qat  0.40   0.050  20  0.6832  0.0218  0.7658  0.0240  0.6020  100   
fashionmnist 4  movement_rigl_qat  0.40   0.100  20  0.6443  0.0312  0.7580  0.0244  0.6432  100   
fashionmnist 4  v10                0.10   0.000  20  0.7284  0.0165  0.8001  0.0214  0.5384  100   
fashionmnist 4  v10                0.10   0.030  20  0.7131  0.0215  0.7943  0.0220  0.5801  100   
fashionmnist 4  v10                0.10   0.050  20  0.6818  0.0279  0.7872  0.0225  0.6145  100   
fashionmnist 4  v10                0.10   0.100  20  0.5864  0.0440  0.7685  0.0235  0.6696  100   
fashionmnist 4  v10                0.25   0.000  20  0.7198  0.0197  0.7900  0.0216  0.5496  100   
fashionmnist 4  v10                0.25   0.030  20  0.7099  0.0209  0.7871  0.0225  0.5734  100   
fashionmnist 4  v10                0.25   0.050  20  0.6974  0.0204  0.7835  0.0230  0.5977  100   
fashionmnist 4  v10                0.25   0.100  20  0.6184  0.0376  0.7740  0.0239  0.6488  100   
fashionmnist 4  v10                0.40   0.000  20  0.7122  0.0227  0.7816  0.0255  0.5581  100   
fashionmnist 4  v10                0.40   0.030  20  0.7058  0.0227  0.7795  0.0259  0.5728  100   
fashionmnist 4  v10                0.40   0.050  20  0.6996  0.0223  0.7771  0.0260  0.5897  100   
fashionmnist 4  v10                0.40   0.100  20  0.6622  0.0313  0.7701  0.0261  0.6319  100   
fashionmnist 4  v10_fp             0.10   0.000  20  0.7291  0.0164  0.8004  0.0215  0.5371  100   
fashionmnist 4  v10_fp             0.10   0.030  20  0.7127  0.0213  0.7945  0.0224  0.5807  100   
fashionmnist 4  v10_fp             0.10   0.050  20  0.6774  0.0274  0.7871  0.0232  0.6157  100   
fashionmnist 4  v10_fp             0.10   0.100  20  0.5828  0.0417  0.7687  0.0258  0.6706  100   
fashionmnist 4  v10_fp             0.25   0.000  20  0.7231  0.0199  0.7945  0.0219  0.5448  100   
fashionmnist 4  v10_fp             0.25   0.030  20  0.7123  0.0208  0.7915  0.0224  0.5745  100   
fashionmnist 4  v10_fp             0.25   0.050  20  0.6927  0.0246  0.7874  0.0227  0.6019  100   
fashionmnist 4  v10_fp             0.25   0.100  20  0.6231  0.0383  0.7729  0.0241  0.6541  100   
fashionmnist 4  v10_fp             0.40   0.000  20  0.7095  0.0209  0.7823  0.0236  0.5581  100   
fashionmnist 4  v10_fp             0.40   0.030  20  0.7024  0.0216  0.7788  0.0242  0.5766  100   
fashionmnist 4  v10_fp             0.40   0.050  20  0.6936  0.0219  0.7757  0.0245  0.5955  100   
fashionmnist 4  v10_fp             0.40   0.100  20  0.6442  0.0342  0.7669  0.0252  0.6394  100   
fashionmnist 4  v10_noprotect      0.10   0.000  20  0.7288  0.0177  0.8004  0.0229  0.5380  100   
fashionmnist 4  v10_noprotect      0.10   0.030  20  0.7091  0.0229  0.7917  0.0242  0.5801  100   
fashionmnist 4  v10_noprotect      0.10   0.050  20  0.6716  0.0322  0.7831  0.0254  0.6149  100   
fashionmnist 4  v10_noprotect      0.10   0.100  20  0.5814  0.0423  0.7632  0.0284  0.6702  100   
fashionmnist 4  v10_noprotect      0.25   0.000  20  0.7168  0.0179  0.7922  0.0206  0.5488  100   
fashionmnist 4  v10_noprotect      0.25   0.030  20  0.7125  0.0200  0.7892  0.0204  0.5787  100   
fashionmnist 4  v10_noprotect      0.25   0.050  20  0.6943  0.0199  0.7852  0.0203  0.6056  100   
fashionmnist 4  v10_noprotect      0.25   0.100  20  0.6188  0.0400  0.7728  0.0191  0.6564  100   
fashionmnist 4  v10_noprotect      0.40   0.000  20  0.7044  0.0203  0.7775  0.0214  0.5628  100   
fashionmnist 4  v10_noprotect      0.40   0.030  20  0.6964  0.0190  0.7740  0.0219  0.5784  100   
fashionmnist 4  v10_noprotect      0.40   0.050  20  0.6916  0.0186  0.7707  0.0220  0.5946  100   
fashionmnist 4  v10_noprotect      0.40   0.100  20  0.6469  0.0309  0.7612  0.0224  0.6334  100   
fashionmnist 6  dense_fp           0.00   0.000  20  0.7584  0.0156  0.8318  0.0169  0.5015  100   
fashionmnist 6  dense_fp           0.00   0.030  20  0.6893  0.0250  0.8037  0.0219  0.5923  100   
fashionmnist 6  dense_fp           0.00   0.050  20  0.6169  0.0343  0.7655  0.0284  0.6444  100   
fashionmnist 6  dense_fp           0.00   0.100  20  0.5333  0.0270  0.6956  0.0404  0.6933  100   
fashionmnist 6  dense_qat          0.00   0.000  20  0.7561  0.0168  0.8300  0.0181  0.5054  100   
fashionmnist 6  dense_qat          0.00   0.030  20  0.6937  0.0242  0.8040  0.0212  0.5919  100   
fashionmnist 6  dense_qat          0.00   0.050  20  0.6230  0.0368  0.7689  0.0268  0.6433  100   
fashionmnist 6  dense_qat          0.00   0.100  20  0.5350  0.0282  0.7021  0.0390  0.6932  100   
fashionmnist 6  random_qat         0.10   0.000  20  0.7417  0.0159  0.8169  0.0192  0.5196  100   
fashionmnist 6  random_qat         0.10   0.030  20  0.7044  0.0267  0.7979  0.0218  0.5801  100   
fashionmnist 6  random_qat         0.10   0.050  20  0.6558  0.0332  0.7782  0.0234  0.6218  100   
fashionmnist 6  random_qat         0.10   0.100  20  0.5661  0.0363  0.7354  0.0310  0.6761  100   
fashionmnist 6  random_qat         0.25   0.000  20  0.7317  0.0172  0.8043  0.0218  0.5352  100   
fashionmnist 6  random_qat         0.25   0.030  20  0.7051  0.0239  0.7941  0.0229  0.5758  100   
fashionmnist 6  random_qat         0.25   0.050  20  0.6749  0.0274  0.7835  0.0239  0.6089  100   
fashionmnist 6  random_qat         0.25   0.100  20  0.5818  0.0379  0.7549  0.0289  0.6625  100   
fashionmnist 6  random_qat         0.40   0.000  20  0.7206  0.0213  0.7942  0.0241  0.5465  100   
fashionmnist 6  random_qat         0.40   0.030  20  0.7084  0.0220  0.7885  0.0246  0.5749  100   
fashionmnist 6  random_qat         0.40   0.050  20  0.6884  0.0225  0.7822  0.0249  0.6008  100   
fashionmnist 6  random_qat         0.40   0.100  20  0.5996  0.0395  0.7638  0.0266  0.6512  100   
fashionmnist 6  magnitude_qat      0.10   0.000  20  0.7510  0.0158  0.8243  0.0196  0.5133  100   
fashionmnist 6  magnitude_qat      0.10   0.030  20  0.7037  0.0211  0.7999  0.0233  0.5828  100   
fashionmnist 6  magnitude_qat      0.10   0.050  20  0.6358  0.0321  0.7682  0.0300  0.6313  100   
fashionmnist 6  magnitude_qat      0.10   0.100  20  0.5439  0.0314  0.7107  0.0405  0.6852  100   
fashionmnist 6  magnitude_qat      0.25   0.000  20  0.7399  0.0183  0.8142  0.0206  0.5221  100   
fashionmnist 6  magnitude_qat      0.25   0.030  20  0.7103  0.0235  0.7991  0.0222  0.5763  100   
fashionmnist 6  magnitude_qat      0.25   0.050  20  0.6687  0.0262  0.7821  0.0239  0.6176  100   
fashionmnist 6  magnitude_qat      0.25   0.100  20  0.5646  0.0353  0.7415  0.0279  0.6736  100   
fashionmnist 6  magnitude_qat      0.40   0.000  20  0.7172  0.0188  0.7912  0.0205  0.5492  100   
fashionmnist 6  magnitude_qat      0.40   0.030  20  0.6987  0.0214  0.7815  0.0209  0.5766  100   
fashionmnist 6  magnitude_qat      0.40   0.050  20  0.6799  0.0232  0.7725  0.0209  0.6028  100   
fashionmnist 6  magnitude_qat      0.40   0.100  20  0.5993  0.0338  0.7511  0.0219  0.6541  100   
fashionmnist 6  movement_qat       0.10   0.000  20  0.7369  0.0151  0.8120  0.0182  0.5272  100   
fashionmnist 6  movement_qat       0.10   0.030  20  0.7019  0.0262  0.7933  0.0220  0.5779  100   
fashionmnist 6  movement_qat       0.10   0.050  20  0.6687  0.0262  0.7777  0.0246  0.6131  100   
fashionmnist 6  movement_qat       0.10   0.100  20  0.5758  0.0342  0.7520  0.0286  0.6657  100   
fashionmnist 6  movement_qat       0.25   0.000  20  0.7003  0.0152  0.7741  0.0173  0.5674  100   
fashionmnist 6  movement_qat       0.25   0.030  20  0.6722  0.0222  0.7607  0.0212  0.5977  100   
fashionmnist 6  movement_qat       0.25   0.050  20  0.6542  0.0280  0.7510  0.0240  0.6203  100   
fashionmnist 6  movement_qat       0.25   0.100  20  0.6149  0.0328  0.7337  0.0305  0.6599  100   
fashionmnist 6  movement_qat       0.40   0.000  20  0.6787  0.0216  0.7533  0.0252  0.5850  100   
fashionmnist 6  movement_qat       0.40   0.030  20  0.6685  0.0237  0.7477  0.0248  0.6024  100   
fashionmnist 6  movement_qat       0.40   0.050  20  0.6571  0.0256  0.7427  0.0248  0.6183  100   
fashionmnist 6  movement_qat       0.40   0.100  20  0.6251  0.0281  0.7332  0.0252  0.6509  100   
fashionmnist 6  movement_rigl_qat  0.10   0.000  20  0.7378  0.0169  0.8091  0.0214  0.5289  100   
fashionmnist 6  movement_rigl_qat  0.10   0.030  20  0.7057  0.0196  0.7947  0.0244  0.5767  100   
fashionmnist 6  movement_rigl_qat  0.10   0.050  20  0.6707  0.0275  0.7818  0.0270  0.6112  100   
fashionmnist 6  movement_rigl_qat  0.10   0.100  20  0.5922  0.0367  0.7562  0.0340  0.6649  100   
fashionmnist 6  movement_rigl_qat  0.25   0.000  20  0.7271  0.0181  0.8010  0.0211  0.5412  100   
fashionmnist 6  movement_rigl_qat  0.25   0.030  20  0.7000  0.0226  0.7913  0.0215  0.5730  100   
fashionmnist 6  movement_rigl_qat  0.25   0.050  20  0.6821  0.0243  0.7833  0.0218  0.6002  100   
fashionmnist 6  movement_rigl_qat  0.25   0.100  20  0.6096  0.0348  0.7672  0.0221  0.6511  100   
fashionmnist 6  movement_rigl_qat  0.40   0.000  20  0.7145  0.0210  0.7858  0.0232  0.5549  100   
fashionmnist 6  movement_rigl_qat  0.40   0.030  20  0.7051  0.0232  0.7824  0.0237  0.5752  100   
fashionmnist 6  movement_rigl_qat  0.40   0.050  20  0.6936  0.0228  0.7785  0.0239  0.5960  100   
fashionmnist 6  movement_rigl_qat  0.40   0.100  20  0.6397  0.0354  0.7665  0.0262  0.6426  100   
fashionmnist 6  v10                0.10   0.000  20  0.7308  0.0192  0.8044  0.0218  0.5334  100   
fashionmnist 6  v10                0.10   0.030  20  0.7044  0.0221  0.7929  0.0229  0.5756  100   
fashionmnist 6  v10                0.10   0.050  20  0.6715  0.0248  0.7833  0.0236  0.6085  100   
fashionmnist 6  v10                0.10   0.100  20  0.5921  0.0359  0.7649  0.0251  0.6615  100   
fashionmnist 6  v10                0.25   0.000  20  0.7256  0.0225  0.7985  0.0249  0.5415  100   
fashionmnist 6  v10                0.25   0.030  20  0.7064  0.0242  0.7906  0.0243  0.5728  100   
fashionmnist 6  v10                0.25   0.050  20  0.6916  0.0224  0.7841  0.0240  0.5989  100   
fashionmnist 6  v10                0.25   0.100  20  0.6122  0.0337  0.7702  0.0235  0.6485  100   
fashionmnist 6  v10                0.40   0.000  20  0.7219  0.0195  0.7915  0.0224  0.5492  100   
fashionmnist 6  v10                0.40   0.030  20  0.7097  0.0203  0.7853  0.0231  0.5737  100   
fashionmnist 6  v10                0.40   0.050  20  0.7011  0.0212  0.7796  0.0235  0.5962  100   
fashionmnist 6  v10                0.40   0.100  20  0.6416  0.0348  0.7670  0.0244  0.6428  100   
fashionmnist 6  v10_fp             0.10   0.000  20  0.7312  0.0194  0.8044  0.0240  0.5318  100   
fashionmnist 6  v10_fp             0.10   0.030  20  0.7082  0.0189  0.7926  0.0241  0.5769  100   
fashionmnist 6  v10_fp             0.10   0.050  20  0.6672  0.0268  0.7832  0.0242  0.6115  100   
fashionmnist 6  v10_fp             0.10   0.100  20  0.5924  0.0353  0.7656  0.0241  0.6652  100   
fashionmnist 6  v10_fp             0.25   0.000  20  0.7206  0.0189  0.7965  0.0220  0.5444  100   
fashionmnist 6  v10_fp             0.25   0.030  20  0.6991  0.0239  0.7859  0.0226  0.5758  100   
fashionmnist 6  v10_fp             0.25   0.050  20  0.6866  0.0235  0.7783  0.0228  0.6009  100   
fashionmnist 6  v10_fp             0.25   0.100  20  0.6144  0.0312  0.7649  0.0228  0.6489  100   
fashionmnist 6  v10_fp             0.40   0.000  20  0.7233  0.0189  0.7937  0.0228  0.5461  100   
fashionmnist 6  v10_fp             0.40   0.030  20  0.7130  0.0212  0.7887  0.0233  0.5707  100   
fashionmnist 6  v10_fp             0.40   0.050  20  0.7049  0.0220  0.7844  0.0235  0.5938  100   
fashionmnist 6  v10_fp             0.40   0.100  20  0.6424  0.0303  0.7737  0.0244  0.6435  100   
fashionmnist 6  v10_noprotect      0.10   0.000  20  0.7333  0.0211  0.8067  0.0248  0.5312  100   
fashionmnist 6  v10_noprotect      0.10   0.030  20  0.7075  0.0219  0.7965  0.0234  0.5757  100   
fashionmnist 6  v10_noprotect      0.10   0.050  20  0.6774  0.0244  0.7868  0.0219  0.6096  100   
fashionmnist 6  v10_noprotect      0.10   0.100  20  0.5956  0.0345  0.7644  0.0194  0.6620  100   
fashionmnist 6  v10_noprotect      0.25   0.000  20  0.7234  0.0177  0.7964  0.0207  0.5441  100   
fashionmnist 6  v10_noprotect      0.25   0.030  20  0.7032  0.0232  0.7884  0.0218  0.5720  100   
fashionmnist 6  v10_noprotect      0.25   0.050  20  0.6891  0.0240  0.7827  0.0225  0.5952  100   
fashionmnist 6  v10_noprotect      0.25   0.100  20  0.6273  0.0364  0.7706  0.0241  0.6414  100   
fashionmnist 6  v10_noprotect      0.40   0.000  20  0.7042  0.0192  0.7792  0.0231  0.5596  100   
fashionmnist 6  v10_noprotect      0.40   0.030  20  0.7019  0.0225  0.7762  0.0236  0.5738  100   
fashionmnist 6  v10_noprotect      0.40   0.050  20  0.6981  0.0240  0.7734  0.0241  0.5902  100   
fashionmnist 6  v10_noprotect      0.40   0.100  20  0.6758  0.0218  0.7666  0.0245  0.6304  100   
mnist        4  dense_fp           0.00   0.000  20  0.8045  0.0217  0.8876  0.0188  0.4136  100   
mnist        4  dense_fp           0.00   0.030  20  0.7790  0.0186  0.8770  0.0214  0.4871  100   
mnist        4  dense_fp           0.00   0.050  20  0.7216  0.0315  0.8671  0.0235  0.5543  100   
mnist        4  dense_fp           0.00   0.100  20  0.5938  0.0417  0.8483  0.0266  0.6670  100   
mnist        4  dense_qat          0.00   0.000  20  0.8027  0.0206  0.8861  0.0188  0.4161  100   
mnist        4  dense_qat          0.00   0.030  20  0.7794  0.0185  0.8761  0.0215  0.4865  100   
mnist        4  dense_qat          0.00   0.050  20  0.7269  0.0286  0.8664  0.0238  0.5522  100   
mnist        4  dense_qat          0.00   0.100  20  0.5994  0.0412  0.8485  0.0267  0.6643  100   
mnist        4  random_qat         0.10   0.000  20  0.7972  0.0222  0.8820  0.0196  0.4232  100   
mnist        4  random_qat         0.10   0.030  20  0.7848  0.0194  0.8770  0.0208  0.4739  100   
mnist        4  random_qat         0.10   0.050  20  0.7553  0.0174  0.8713  0.0216  0.5279  100   
mnist        4  random_qat         0.10   0.100  20  0.6333  0.0465  0.8585  0.0236  0.6376  100   
mnist        4  random_qat         0.25   0.000  20  0.7941  0.0230  0.8765  0.0205  0.4320  100   
mnist        4  random_qat         0.25   0.030  20  0.7874  0.0205  0.8751  0.0209  0.4717  100   
mnist        4  random_qat         0.25   0.050  20  0.7681  0.0141  0.8723  0.0214  0.5177  100   
mnist        4  random_qat         0.25   0.100  20  0.6586  0.0465  0.8618  0.0236  0.6203  100   
mnist        4  random_qat         0.40   0.000  20  0.7926  0.0225  0.8742  0.0209  0.4371  100   
mnist        4  random_qat         0.40   0.030  20  0.7877  0.0218  0.8737  0.0219  0.4680  100   
mnist        4  random_qat         0.40   0.050  20  0.7744  0.0191  0.8722  0.0229  0.5053  100   
mnist        4  random_qat         0.40   0.100  20  0.6838  0.0455  0.8668  0.0257  0.5987  100   
mnist        4  magnitude_qat      0.10   0.000  20  0.8026  0.0211  0.8860  0.0186  0.4165  100   
mnist        4  magnitude_qat      0.10   0.030  20  0.7823  0.0189  0.8763  0.0204  0.4791  100   
mnist        4  magnitude_qat      0.10   0.050  20  0.7441  0.0186  0.8675  0.0220  0.5402  100   
mnist        4  magnitude_qat      0.10   0.100  20  0.6154  0.0442  0.8506  0.0247  0.6529  100   
mnist        4  magnitude_qat      0.25   0.000  20  0.7987  0.0217  0.8827  0.0190  0.4227  100   
mnist        4  magnitude_qat      0.25   0.030  20  0.7854  0.0212  0.8752  0.0212  0.4695  100   
mnist        4  magnitude_qat      0.25   0.050  20  0.7588  0.0155  0.8679  0.0228  0.5194  100   
mnist        4  magnitude_qat      0.25   0.100  20  0.6430  0.0459  0.8534  0.0256  0.6265  100   
mnist        4  magnitude_qat      0.40   0.000  20  0.7925  0.0231  0.8771  0.0206  0.4316  100   
mnist        4  magnitude_qat      0.40   0.030  20  0.7861  0.0210  0.8745  0.0211  0.4607  100   
mnist        4  magnitude_qat      0.40   0.050  20  0.7746  0.0163  0.8715  0.0214  0.4970  100   
mnist        4  magnitude_qat      0.40   0.100  20  0.6814  0.0435  0.8638  0.0219  0.5924  100   
mnist        4  movement_qat       0.10   0.000  20  0.7956  0.0223  0.8807  0.0190  0.4266  100   
mnist        4  movement_qat       0.10   0.030  20  0.7818  0.0204  0.8745  0.0202  0.4787  100   
mnist        4  movement_qat       0.10   0.050  20  0.7459  0.0267  0.8675  0.0218  0.5307  100   
mnist        4  movement_qat       0.10   0.100  20  0.6375  0.0476  0.8511  0.0271  0.6350  100   
mnist        4  movement_qat       0.25   0.000  20  0.7862  0.0238  0.8725  0.0211  0.4393  100   
mnist        4  movement_qat       0.25   0.030  20  0.7843  0.0234  0.8713  0.0220  0.4708  100   
mnist        4  movement_qat       0.25   0.050  20  0.7711  0.0195  0.8692  0.0228  0.5094  100   
mnist        4  movement_qat       0.25   0.100  20  0.6669  0.0426  0.8639  0.0239  0.6055  100   
mnist        4  movement_qat       0.40   0.000  20  0.7817  0.0276  0.8681  0.0239  0.4459  100   
mnist        4  movement_qat       0.40   0.030  20  0.7775  0.0261  0.8678  0.0240  0.4693  100   
mnist        4  movement_qat       0.40   0.050  20  0.7688  0.0224  0.8668  0.0241  0.4989  100   
mnist        4  movement_qat       0.40   0.100  20  0.7060  0.0370  0.8630  0.0244  0.5800  100   
mnist        4  movement_rigl_qat  0.10   0.000  20  0.7969  0.0217  0.8803  0.0193  0.4270  100   
mnist        4  movement_rigl_qat  0.10   0.030  20  0.7867  0.0199  0.8770  0.0199  0.4710  100   
mnist        4  movement_rigl_qat  0.10   0.050  20  0.7631  0.0146  0.8725  0.0204  0.5200  100   
mnist        4  movement_rigl_qat  0.10   0.100  20  0.6454  0.0456  0.8621  0.0212  0.6266  100   
mnist        4  movement_rigl_qat  0.25   0.000  20  0.7919  0.0233  0.8772  0.0201  0.4325  100   
mnist        4  movement_rigl_qat  0.25   0.030  20  0.7883  0.0227  0.8760  0.0204  0.4650  100   
mnist        4  movement_rigl_qat  0.25   0.050  20  0.7759  0.0184  0.8742  0.0206  0.5038  100   
mnist        4  movement_rigl_qat  0.25   0.100  20  0.6793  0.0449  0.8687  0.0212  0.6016  100   
mnist        4  movement_rigl_qat  0.40   0.000  20  0.7863  0.0236  0.8696  0.0209  0.4439  100   
mnist        4  movement_rigl_qat  0.40   0.030  20  0.7829  0.0226  0.8691  0.0209  0.4692  100   
mnist        4  movement_rigl_qat  0.40   0.050  20  0.7743  0.0199  0.8677  0.0208  0.5000  100   
mnist        4  movement_rigl_qat  0.40   0.100  20  0.7011  0.0326  0.8635  0.0209  0.5829  100   
mnist        4  v10                0.10   0.000  20  0.7946  0.0219  0.8802  0.0196  0.4270  100   
mnist        4  v10                0.10   0.030  20  0.7846  0.0201  0.8768  0.0206  0.4750  100   
mnist        4  v10                0.10   0.050  20  0.7588  0.0162  0.8729  0.0211  0.5272  100   
mnist        4  v10                0.10   0.100  20  0.6428  0.0445  0.8636  0.0218  0.6361  100   
mnist        4  v10                0.25   0.000  20  0.7908  0.0226  0.8751  0.0201  0.4359  100   
mnist        4  v10                0.25   0.030  20  0.7852  0.0213  0.8742  0.0206  0.4758  100   
mnist        4  v10                0.25   0.050  20  0.7678  0.0142  0.8726  0.0208  0.5202  100   
mnist        4  v10                0.25   0.100  20  0.6581  0.0456  0.8675  0.0213  0.6211  100   
mnist        4  v10                0.40   0.000  20  0.7874  0.0226  0.8711  0.0202  0.4432  100   
mnist        4  v10                0.40   0.030  20  0.7833  0.0208  0.8708  0.0202  0.4708  100   
mnist        4  v10                0.40   0.050  20  0.7734  0.0174  0.8699  0.0204  0.5033  100   
mnist        4  v10                0.40   0.100  20  0.6964  0.0406  0.8669  0.0207  0.5871  100   
mnist        4  v10_fp             0.10   0.000  20  0.7966  0.0217  0.8806  0.0193  0.4265  100   
mnist        4  v10_fp             0.10   0.030  20  0.7856  0.0193  0.8773  0.0202  0.4785  100   
mnist        4  v10_fp             0.10   0.050  20  0.7549  0.0173  0.8735  0.0207  0.5328  100   
mnist        4  v10_fp             0.10   0.100  20  0.6402  0.0451  0.8641  0.0214  0.6416  100   
mnist        4  v10_fp             0.25   0.000  20  0.7904  0.0237  0.8755  0.0209  0.4357  100   
mnist        4  v10_fp             0.25   0.030  20  0.7863  0.0216  0.8747  0.0212  0.4752  100   
mnist        4  v10_fp             0.25   0.050  20  0.7672  0.0157  0.8728  0.0215  0.5190  100   
mnist        4  v10_fp             0.25   0.100  20  0.6596  0.0466  0.8668  0.0218  0.6178  100   
mnist        4  v10_fp             0.40   0.000  20  0.7857  0.0228  0.8717  0.0208  0.4415  100   
mnist        4  v10_fp             0.40   0.030  20  0.7847  0.0217  0.8716  0.0209  0.4706  100   
mnist        4  v10_fp             0.40   0.050  20  0.7744  0.0168  0.8706  0.0211  0.5045  100   
mnist        4  v10_fp             0.40   0.100  20  0.6949  0.0436  0.8669  0.0216  0.5912  100   
mnist        4  v10_noprotect      0.10   0.000  20  0.7946  0.0220  0.8802  0.0196  0.4273  100   
mnist        4  v10_noprotect      0.10   0.030  20  0.7838  0.0201  0.8770  0.0205  0.4743  100   
mnist        4  v10_noprotect      0.10   0.050  20  0.7539  0.0175  0.8729  0.0210  0.5256  100   
mnist        4  v10_noprotect      0.10   0.100  20  0.6439  0.0449  0.8632  0.0220  0.6340  100   
mnist        4  v10_noprotect      0.25   0.000  20  0.7891  0.0224  0.8748  0.0200  0.4367  100   
mnist        4  v10_noprotect      0.25   0.030  20  0.7871  0.0217  0.8742  0.0204  0.4713  100   
mnist        4  v10_noprotect      0.25   0.050  20  0.7744  0.0183  0.8727  0.0205  0.5107  100   
mnist        4  v10_noprotect      0.25   0.100  20  0.6747  0.0429  0.8683  0.0208  0.6064  100   
mnist        4  v10_noprotect      0.40   0.000  20  0.7828  0.0216  0.8700  0.0198  0.4471  100   
mnist        4  v10_noprotect      0.40   0.030  20  0.7803  0.0205  0.8689  0.0200  0.4771  100   
mnist        4  v10_noprotect      0.40   0.050  20  0.7630  0.0207  0.8673  0.0202  0.5100  100   
mnist        4  v10_noprotect      0.40   0.100  20  0.6892  0.0400  0.8626  0.0204  0.5909  100   
mnist        6  dense_fp           0.00   0.000  20  0.8159  0.0205  0.8979  0.0174  0.3968  100   
mnist        6  dense_fp           0.00   0.030  20  0.7848  0.0194  0.8807  0.0198  0.4820  100   
mnist        6  dense_fp           0.00   0.050  20  0.7238  0.0374  0.8649  0.0221  0.5549  100   
mnist        6  dense_fp           0.00   0.100  20  0.5762  0.0366  0.8415  0.0254  0.6696  100   
mnist        6  dense_qat          0.00   0.000  20  0.8140  0.0201  0.8962  0.0174  0.4007  100   
mnist        6  dense_qat          0.00   0.030  20  0.7834  0.0186  0.8794  0.0201  0.4816  100   
mnist        6  dense_qat          0.00   0.050  20  0.7256  0.0380  0.8649  0.0221  0.5529  100   
mnist        6  dense_qat          0.00   0.100  20  0.5824  0.0381  0.8425  0.0248  0.6679  100   
mnist        6  random_qat         0.10   0.000  20  0.8062  0.0215  0.8880  0.0190  0.4147  100   
mnist        6  random_qat         0.10   0.030  20  0.7914  0.0213  0.8812  0.0204  0.4693  100   
mnist        6  random_qat         0.10   0.050  20  0.7587  0.0185  0.8736  0.0220  0.5266  100   
mnist        6  random_qat         0.10   0.100  20  0.6259  0.0391  0.8578  0.0258  0.6406  100   
mnist        6  random_qat         0.25   0.000  20  0.8003  0.0222  0.8853  0.0194  0.4196  100   
mnist        6  random_qat         0.25   0.030  20  0.7943  0.0205  0.8824  0.0198  0.4585  100   
mnist        6  random_qat         0.25   0.050  20  0.7788  0.0177  0.8787  0.0203  0.5037  100   
mnist        6  random_qat         0.25   0.100  20  0.6671  0.0420  0.8695  0.0218  0.6099  100   
mnist        6  random_qat         0.40   0.000  20  0.7922  0.0246  0.8754  0.0211  0.4366  100   
mnist        6  random_qat         0.40   0.030  20  0.7863  0.0225  0.8750  0.0213  0.4708  100   
mnist        6  random_qat         0.40   0.050  20  0.7719  0.0172  0.8733  0.0213  0.5100  100   
mnist        6  random_qat         0.40   0.100  20  0.6863  0.0460  0.8668  0.0205  0.6024  100   
mnist        6  magnitude_qat      0.10   0.000  20  0.8114  0.0202  0.8937  0.0176  0.4054  100   
mnist        6  magnitude_qat      0.10   0.030  20  0.7912  0.0195  0.8816  0.0191  0.4717  100   
mnist        6  magnitude_qat      0.10   0.050  20  0.7474  0.0209  0.8702  0.0206  0.5336  100   
mnist        6  magnitude_qat      0.10   0.100  20  0.6045  0.0404  0.8516  0.0222  0.6464  100   
mnist        6  magnitude_qat      0.25   0.000  20  0.8091  0.0211  0.8881  0.0191  0.4140  100   
mnist        6  magnitude_qat      0.25   0.030  20  0.7890  0.0219  0.8782  0.0208  0.4618  100   
mnist        6  magnitude_qat      0.25   0.050  20  0.7651  0.0185  0.8690  0.0227  0.5111  100   
mnist        6  magnitude_qat      0.25   0.100  20  0.6534  0.0419  0.8520  0.0269  0.6164  100   
mnist        6  magnitude_qat      0.40   0.000  20  0.7920  0.0257  0.8735  0.0226  0.4362  100   
mnist        6  magnitude_qat      0.40   0.030  20  0.7843  0.0232  0.8703  0.0232  0.4632  100   
mnist        6  magnitude_qat      0.40   0.050  20  0.7710  0.0196  0.8667  0.0238  0.4986  100   
mnist        6  magnitude_qat      0.40   0.100  20  0.6798  0.0426  0.8585  0.0254  0.5930  100   
mnist        6  movement_qat       0.10   0.000  20  0.8044  0.0220  0.8856  0.0190  0.4189  100   
mnist        6  movement_qat       0.10   0.030  20  0.7915  0.0220  0.8803  0.0207  0.4633  100   
mnist        6  movement_qat       0.10   0.050  20  0.7745  0.0191  0.8752  0.0219  0.5105  100   
mnist        6  movement_qat       0.10   0.100  20  0.6642  0.0449  0.8660  0.0232  0.6137  100   
mnist        6  movement_qat       0.25   0.000  20  0.7993  0.0206  0.8801  0.0192  0.4294  100   
mnist        6  movement_qat       0.25   0.030  20  0.7909  0.0214  0.8770  0.0199  0.4595  100   
mnist        6  movement_qat       0.25   0.050  20  0.7800  0.0185  0.8733  0.0203  0.4958  100   
mnist        6  movement_qat       0.25   0.100  20  0.7047  0.0360  0.8652  0.0212  0.5861  100   
mnist        6  movement_qat       0.40   0.000  20  0.7842  0.0244  0.8670  0.0219  0.4519  100   
mnist        6  movement_qat       0.40   0.030  20  0.7805  0.0242  0.8652  0.0220  0.4722  100   
mnist        6  movement_qat       0.40   0.050  20  0.7755  0.0231  0.8627  0.0223  0.4970  100   
mnist        6  movement_qat       0.40   0.100  20  0.7321  0.0219  0.8571  0.0228  0.5664  100   
mnist        6  movement_rigl_qat  0.10   0.000  20  0.8042  0.0224  0.8864  0.0193  0.4176  100   
mnist        6  movement_rigl_qat  0.10   0.030  20  0.7914  0.0220  0.8811  0.0203  0.4666  100   
mnist        6  movement_rigl_qat  0.10   0.050  20  0.7694  0.0154  0.8758  0.0211  0.5163  100   
mnist        6  movement_rigl_qat  0.10   0.100  20  0.6471  0.0470  0.8654  0.0222  0.6203  100   
mnist        6  movement_rigl_qat  0.25   0.000  20  0.7977  0.0226  0.8802  0.0214  0.4284  100   
mnist        6  movement_rigl_qat  0.25   0.030  20  0.7916  0.0244  0.8773  0.0220  0.4590  100   
mnist        6  movement_rigl_qat  0.25   0.050  20  0.7820  0.0222  0.8739  0.0224  0.4950  100   
mnist        6  movement_rigl_qat  0.25   0.100  20  0.6991  0.0417  0.8661  0.0230  0.5858  100   
mnist        6  movement_rigl_qat  0.40   0.000  20  0.7961  0.0234  0.8781  0.0203  0.4312  100   
mnist        6  movement_rigl_qat  0.40   0.030  20  0.7907  0.0227  0.8767  0.0205  0.4556  100   
mnist        6  movement_rigl_qat  0.40   0.050  20  0.7818  0.0204  0.8744  0.0208  0.4872  100   
mnist        6  movement_rigl_qat  0.40   0.100  20  0.7114  0.0375  0.8678  0.0218  0.5748  100   
mnist        6  v10                0.10   0.000  20  0.8031  0.0209  0.8849  0.0190  0.4204  100   
mnist        6  v10                0.10   0.030  20  0.7901  0.0197  0.8795  0.0199  0.4670  100   
mnist        6  v10                0.10   0.050  20  0.7674  0.0189  0.8745  0.0207  0.5159  100   
mnist        6  v10                0.10   0.100  20  0.6638  0.0425  0.8647  0.0219  0.6206  100   
mnist        6  v10                0.25   0.000  20  0.8012  0.0223  0.8806  0.0195  0.4281  100   
mnist        6  v10                0.25   0.030  20  0.7911  0.0219  0.8776  0.0204  0.4610  100   
mnist        6  v10                0.25   0.050  20  0.7766  0.0182  0.8744  0.0212  0.4986  100   
mnist        6  v10                0.25   0.100  20  0.6904  0.0444  0.8677  0.0225  0.5918  100   
mnist        6  v10                0.40   0.000  20  0.7980  0.0227  0.8793  0.0206  0.4298  100   
mnist        6  v10                0.40   0.030  20  0.7944  0.0235  0.8784  0.0213  0.4537  100   
mnist        6  v10                0.40   0.050  20  0.7866  0.0224  0.8767  0.0218  0.4837  100   
mnist        6  v10                0.40   0.100  20  0.7281  0.0383  0.8724  0.0226  0.5671  100   
mnist        6  v10_fp             0.10   0.000  20  0.8022  0.0209  0.8852  0.0191  0.4203  100   
mnist        6  v10_fp             0.10   0.030  20  0.7897  0.0198  0.8798  0.0202  0.4676  100   
mnist        6  v10_fp             0.10   0.050  20  0.7651  0.0191  0.8748  0.0210  0.5173  100   
mnist        6  v10_fp             0.10   0.100  20  0.6579  0.0429  0.8650  0.0219  0.6230  100   
mnist        6  v10_fp             0.25   0.000  20  0.8023  0.0217  0.8826  0.0193  0.4252  100   
mnist        6  v10_fp             0.25   0.030  20  0.7946  0.0213  0.8795  0.0198  0.4608  100   
mnist        6  v10_fp             0.25   0.050  20  0.7797  0.0180  0.8760  0.0204  0.4999  100   
mnist        6  v10_fp             0.25   0.100  20  0.6901  0.0438  0.8683  0.0212  0.5949  100   
mnist        6  v10_fp             0.40   0.000  20  0.7986  0.0228  0.8804  0.0206  0.4278  100   
mnist        6  v10_fp             0.40   0.030  20  0.7929  0.0227  0.8788  0.0209  0.4558  100   
mnist        6  v10_fp             0.40   0.050  20  0.7837  0.0207  0.8766  0.0213  0.4891  100   
mnist        6  v10_fp             0.40   0.100  20  0.7157  0.0312  0.8707  0.0223  0.5792  100   
mnist        6  v10_noprotect      0.10   0.000  20  0.8019  0.0204  0.8846  0.0190  0.4208  100   
mnist        6  v10_noprotect      0.10   0.030  20  0.7899  0.0201  0.8802  0.0198  0.4674  100   
mnist        6  v10_noprotect      0.10   0.050  20  0.7631  0.0217  0.8756  0.0204  0.5176  100   
mnist        6  v10_noprotect      0.10   0.100  20  0.6610  0.0423  0.8659  0.0216  0.6232  100   
mnist        6  v10_noprotect      0.25   0.000  20  0.8002  0.0237  0.8806  0.0221  0.4271  100   
mnist        6  v10_noprotect      0.25   0.030  20  0.7885  0.0233  0.8765  0.0231  0.4620  100   
mnist        6  v10_noprotect      0.25   0.050  20  0.7763  0.0214  0.8724  0.0239  0.4989  100   
mnist        6  v10_noprotect      0.25   0.100  20  0.7036  0.0481  0.8642  0.0258  0.5870  100   
mnist        6  v10_noprotect      0.40   0.000  20  0.7974  0.0227  0.8796  0.0202  0.4289  100   
mnist        6  v10_noprotect      0.40   0.030  20  0.7936  0.0228  0.8787  0.0204  0.4517  100   
mnist        6  v10_noprotect      0.40   0.050  20  0.7867  0.0205  0.8770  0.0206  0.4800  100   
mnist        6  v10_noprotect      0.40   0.100  20  0.7225  0.0331  0.8727  0.0213  0.5621  100   

CAUTION: 0/368 groups had a seed whose task loss was still falling at the end (conv% < 100). Raise --steps before interpreting those rows.

================================================================================================
EFFICIENCY OF THE DEPLOYED CIRCUIT (noise=0 rows; means over seeds)
================================================================================================
dataset      q  run_type           spars  ach.sp  active  2q     gates   depth  compress 
fashionmnist 4  dense_fp           0.00   0.000   28.0    12.0   44.0    17.0   1.00     
fashionmnist 4  dense_qat          0.00   0.007   27.8    12.0   43.8    17.0   5.37     
fashionmnist 4  random_qat         0.10   0.125   24.5    10.9   40.5    16.3   5.12     
fashionmnist 4  random_qat         0.25   0.255   20.9    9.7    36.9    15.2   5.85     
fashionmnist 4  random_qat         0.40   0.441   15.7    7.7    31.6    12.9   7.36     
fashionmnist 4  magnitude_qat      0.10   0.107   25.0    11.0   41.0    16.4   5.03     
fashionmnist 4  magnitude_qat      0.25   0.255   20.9    9.7    36.9    15.3   5.85     
fashionmnist 4  magnitude_qat      0.40   0.430   15.9    8.3    31.9    13.8   7.24     
fashionmnist 4  movement_qat       0.10   0.111   24.9    11.2   40.9    16.6   5.05     
fashionmnist 4  movement_qat       0.25   0.266   20.6    9.4    36.5    15.2   5.93     
fashionmnist 4  movement_qat       0.40   0.432   15.9    8.0    31.9    13.2   7.26     
fashionmnist 4  movement_rigl_qat  0.10   0.127   24.4    11.0   40.5    16.3   5.13     
fashionmnist 4  movement_rigl_qat  0.25   0.266   20.6    9.2    36.5    14.6   5.93     
fashionmnist 4  movement_rigl_qat  0.40   0.436   15.8    8.0    31.8    13.6   7.30     
fashionmnist 4  v10                0.10   0.118   24.7    10.8   40.7    16.4   5.09     
fashionmnist 4  v10                0.25   0.273   20.4    9.0    36.4    14.4   5.98     
fashionmnist 4  v10                0.40   0.438   15.8    7.7    31.8    13.4   7.32     
fashionmnist 4  v10_fp             0.10   0.107   25.0    11.1   41.0    16.4   1.08     
fashionmnist 4  v10_fp             0.25   0.250   21.0    8.9    37.0    14.4   1.28     
fashionmnist 4  v10_fp             0.40   0.429   16.0    7.8    32.0    13.4   1.66     
fashionmnist 4  v10_noprotect      0.10   0.121   24.6    10.6   40.6    15.9   5.11     
fashionmnist 4  v10_noprotect      0.25   0.268   20.5    8.7    36.5    14.7   5.94     
fashionmnist 4  v10_noprotect      0.40   0.443   15.6    6.7    31.6    13.2   7.37     
fashionmnist 6  dense_fp           0.00   0.000   44.0    20.0   68.0    19.0   1.00     
fashionmnist 6  dense_qat          0.00   0.007   43.7    19.9   67.7    19.0   5.37     
fashionmnist 6  random_qat         0.10   0.123   38.6    17.9   62.6    18.6   5.11     
fashionmnist 6  random_qat         0.25   0.265   32.4    15.7   56.4    17.3   5.92     
fashionmnist 6  random_qat         0.40   0.423   25.4    13.2   49.4    14.9   7.17     
fashionmnist 6  magnitude_qat      0.10   0.114   39.0    18.3   63.0    18.5   5.06     
fashionmnist 6  magnitude_qat      0.25   0.250   33.0    16.4   57.0    17.6   5.82     
fashionmnist 6  magnitude_qat      0.40   0.411   25.9    14.3   49.9    15.9   7.06     
fashionmnist 6  movement_qat       0.10   0.124   38.5    18.4   62.5    18.4   5.12     
fashionmnist 6  movement_qat       0.25   0.260   32.5    16.8   56.5    17.8   5.89     
fashionmnist 6  movement_qat       0.40   0.415   25.8    13.5   49.8    15.2   7.09     
fashionmnist 6  movement_rigl_qat  0.10   0.125   38.5    18.0   62.5    18.4   5.12     
fashionmnist 6  movement_rigl_qat  0.25   0.262   32.5    16.1   56.5    17.2   5.90     
fashionmnist 6  movement_rigl_qat  0.40   0.419   25.6    13.8   49.5    15.2   7.14     
fashionmnist 6  v10                0.10   0.131   38.2    18.1   62.2    18.4   5.15     
fashionmnist 6  v10                0.25   0.270   32.1    15.5   56.1    16.9   5.96     
fashionmnist 6  v10                0.40   0.419   25.6    13.8   49.5    15.4   7.14     
fashionmnist 6  v10_fp             0.10   0.114   39.0    17.8   63.0    18.1   1.09     
fashionmnist 6  v10_fp             0.25   0.250   33.0    16.2   57.0    17.4   1.28     
fashionmnist 6  v10_fp             0.40   0.409   26.0    14.1   50.0    15.5   1.61     
fashionmnist 6  v10_noprotect      0.10   0.127   38.4    17.2   62.4    18.2   5.13     
fashionmnist 6  v10_noprotect      0.25   0.266   32.3    14.4   56.3    16.9   5.92     
fashionmnist 6  v10_noprotect      0.40   0.426   25.2    11.6   49.2    14.7   7.21     
mnist        4  dense_fp           0.00   0.000   28.0    12.0   44.0    17.0   1.00     
mnist        4  dense_qat          0.00   0.007   27.8    11.9   43.8    16.9   5.37     
mnist        4  random_qat         0.10   0.118   24.7    11.1   40.7    16.5   5.09     
mnist        4  random_qat         0.25   0.264   20.6    9.6    36.6    15.1   5.91     
mnist        4  random_qat         0.40   0.439   15.7    7.5    31.7    12.8   7.34     
mnist        4  magnitude_qat      0.10   0.111   24.9    10.8   40.9    16.4   5.05     
mnist        4  magnitude_qat      0.25   0.250   21.0    9.5    37.0    15.2   5.82     
mnist        4  magnitude_qat      0.40   0.429   16.0    8.2    32.0    13.8   7.23     
mnist        4  movement_qat       0.10   0.123   24.6    10.8   40.5    16.4   5.11     
mnist        4  movement_qat       0.25   0.273   20.4    9.8    36.4    15.1   5.97     
mnist        4  movement_qat       0.40   0.436   15.8    8.2    31.8    13.3   7.30     
mnist        4  movement_rigl_qat  0.10   0.132   24.3    10.8   40.3    16.4   5.16     
mnist        4  movement_rigl_qat  0.25   0.275   20.3    9.3    36.3    14.9   5.99     
mnist        4  movement_rigl_qat  0.40   0.436   15.8    8.2    31.8    13.6   7.30     
mnist        4  v10                0.10   0.123   24.6    11.0   40.5    16.5   5.11     
mnist        4  v10                0.25   0.261   20.7    10.0   36.7    15.2   5.89     
mnist        4  v10                0.40   0.448   15.4    7.8    31.4    13.2   7.43     
mnist        4  v10_fp             0.10   0.107   25.0    11.2   41.0    16.6   1.08     
mnist        4  v10_fp             0.25   0.250   21.0    10.2   37.0    15.2   1.28     
mnist        4  v10_fp             0.40   0.429   16.0    8.0    32.0    13.4   1.66     
mnist        4  v10_noprotect      0.10   0.123   24.6    10.8   40.5    16.2   5.11     
mnist        4  v10_noprotect      0.25   0.268   20.5    9.4    36.5    15.1   5.94     
mnist        4  v10_noprotect      0.40   0.436   15.8    7.2    31.8    13.2   7.30     
mnist        6  dense_fp           0.00   0.000   44.0    20.0   68.0    19.0   1.00     
mnist        6  dense_qat          0.00   0.014   43.4    19.6   67.4    18.9   5.41     
mnist        6  random_qat         0.10   0.122   38.6    18.1   62.6    18.6   5.10     
mnist        6  random_qat         0.25   0.265   32.4    15.8   56.4    17.3   5.92     
mnist        6  random_qat         0.40   0.417   25.6    13.3   49.6    15.2   7.12     
mnist        6  magnitude_qat      0.10   0.116   38.9    18.4   62.9    18.4   5.08     
mnist        6  magnitude_qat      0.25   0.252   32.9    16.4   56.9    17.5   5.83     
mnist        6  magnitude_qat      0.40   0.410   25.9    14.1   50.0    15.8   7.05     
mnist        6  movement_qat       0.10   0.132   38.2    17.9   62.2    18.4   5.16     
mnist        6  movement_qat       0.25   0.263   32.5    16.3   56.5    17.6   5.90     
mnist        6  movement_qat       0.40   0.419   25.6    14.0   49.5    15.7   7.14     
mnist        6  movement_rigl_qat  0.10   0.128   38.4    18.1   62.4    18.6   5.14     
mnist        6  movement_rigl_qat  0.25   0.270   32.1    15.6   56.1    17.2   5.95     
mnist        6  movement_rigl_qat  0.40   0.426   25.2    13.4   49.2    15.3   7.21     
mnist        6  v10                0.10   0.128   38.4    17.9   62.4    18.4   5.14     
mnist        6  v10                0.25   0.268   32.2    15.8   56.2    17.3   5.94     
mnist        6  v10                0.40   0.430   25.1    12.8   49.1    15.4   7.24     
mnist        6  v10_fp             0.10   0.114   39.0    18.4   63.0    18.6   1.09     
mnist        6  v10_fp             0.25   0.250   33.0    16.2   57.0    17.4   1.28     
mnist        6  v10_fp             0.40   0.409   26.0    13.6   50.0    15.7   1.61     
mnist        6  v10_noprotect      0.10   0.127   38.4    17.8   62.4    18.4   5.13     
mnist        6  v10_noprotect      0.25   0.268   32.2    14.6   56.2    17.4   5.94     
mnist        6  v10_noprotect      0.40   0.428   25.1    11.1   49.1    14.7   7.23     
ach.sp = fraction of LIVE params that are exactly 0 in the deployed (quantized) circuit; it can exceed the target because small angles round to 0 on the bit grid. compress = (live params * 32 bit) / (active * bits + 1-bit mask).

================================================================================================
PAIRED CONTRASTS on val_acc: diff = (arm - reference), positive = arm better.
CI = bootstrap 95%; p = Wilcoxon (two-sided), Holm-adjusted within each (dataset, qubits, contrast) family; NI = non-inferior (one-sided 95% lower bound > -0.02).
================================================================================================
dataset      q  contrast                 spars  noise  n   diff     ci_lo    ci_hi    p_raw   p_holm  sig  NI  
fashionmnist 4  quantization_cost        0.00   0.000  20  -0.0071  -0.0118  -0.0028  0.0069  0.0278  YES  yes 
fashionmnist 4  quantization_cost        0.00   0.030  20  -0.0002  -0.0086  +0.0064  0.4896  0.4896  no   yes 
fashionmnist 4  quantization_cost        0.00   0.050  20  +0.0110  +0.0024  +0.0202  0.0463  0.1390  no   yes 
fashionmnist 4  quantization_cost        0.00   0.100  20  +0.0048  -0.0001  +0.0118  0.1216  0.2433  no   yes 
fashionmnist 4  v10_vs_dense_fp          0.10   0.000  20  -0.0152  -0.0201  -0.0106  0.0001  0.0010  YES  yes 
fashionmnist 4  v10_vs_dense_fp          0.10   0.030  20  +0.0130  -0.0012  +0.0297  0.2320  0.6961  no   yes 
fashionmnist 4  v10_vs_dense_fp          0.10   0.050  20  +0.0575  +0.0311  +0.0834  0.0020  0.0119  YES  yes 
fashionmnist 4  v10_vs_dense_fp          0.10   0.100  20  +0.0491  +0.0174  +0.0852  0.0231  0.0924  no   yes 
fashionmnist 4  v10_vs_dense_fp          0.25   0.000  20  -0.0238  -0.0327  -0.0162  0.0001  0.0010  YES  no  
fashionmnist 4  v10_vs_dense_fp          0.25   0.030  20  +0.0098  -0.0062  +0.0276  0.5256  1.0000  no   yes 
fashionmnist 4  v10_vs_dense_fp          0.25   0.050  20  +0.0731  +0.0416  +0.1047  0.0023  0.0119  YES  yes 
fashionmnist 4  v10_vs_dense_fp          0.25   0.100  20  +0.0811  +0.0437  +0.1193  0.0013  0.0106  YES  yes 
fashionmnist 4  v10_vs_dense_fp          0.40   0.000  20  -0.0314  -0.0430  -0.0213  0.0001  0.0010  YES  no  
fashionmnist 4  v10_vs_dense_fp          0.40   0.030  20  +0.0057  -0.0118  +0.0246  0.6949  1.0000  no   yes 
fashionmnist 4  v10_vs_dense_fp          0.40   0.050  20  +0.0752  +0.0393  +0.1128  0.0014  0.0106  YES  yes 
fashionmnist 4  v10_vs_dense_fp          0.40   0.100  20  +0.1249  +0.0891  +0.1579  0.0000  0.0001  YES  yes 
fashionmnist 4  pruning_cost_given_qat   0.10   0.000  20  -0.0081  -0.0132  -0.0029  0.0117  0.0585  no   yes 
fashionmnist 4  pruning_cost_given_qat   0.10   0.030  20  +0.0132  -0.0012  +0.0299  0.2958  0.8619  no   yes 
fashionmnist 4  pruning_cost_given_qat   0.10   0.050  20  +0.0465  +0.0236  +0.0691  0.0020  0.0159  YES  yes 
fashionmnist 4  pruning_cost_given_qat   0.10   0.100  20  +0.0443  +0.0111  +0.0814  0.0640  0.2562  no   yes 
fashionmnist 4  pruning_cost_given_qat   0.25   0.000  20  -0.0168  -0.0245  -0.0099  0.0003  0.0034  YES  no  
fashionmnist 4  pruning_cost_given_qat   0.25   0.030  20  +0.0100  -0.0078  +0.0292  0.2873  0.8619  no   yes 
fashionmnist 4  pruning_cost_given_qat   0.25   0.050  20  +0.0621  +0.0311  +0.0937  0.0009  0.0077  YES  yes 
fashionmnist 4  pruning_cost_given_qat   0.25   0.100  20  +0.0763  +0.0380  +0.1165  0.0027  0.0190  YES  yes 
fashionmnist 4  pruning_cost_given_qat   0.40   0.000  20  -0.0243  -0.0352  -0.0151  0.0001  0.0012  YES  no  
fashionmnist 4  pruning_cost_given_qat   0.40   0.030  20  +0.0059  -0.0144  +0.0284  0.8373  0.8619  no   yes 
fashionmnist 4  pruning_cost_given_qat   0.40   0.050  20  +0.0643  +0.0293  +0.1013  0.0040  0.0243  YES  yes 
fashionmnist 4  pruning_cost_given_qat   0.40   0.100  20  +0.1201  +0.0826  +0.1554  0.0000  0.0004  YES  yes 
fashionmnist 4  v10_vs_random            0.10   0.000  20  -0.0028  -0.0078  +0.0023  0.2117  1.0000  no   yes 
fashionmnist 4  v10_vs_random            0.10   0.030  20  +0.0104  -0.0002  +0.0217  0.3239  1.0000  no   yes 
fashionmnist 4  v10_vs_random            0.10   0.050  20  +0.0361  +0.0134  +0.0613  0.0382  0.4584  no   yes 
fashionmnist 4  v10_vs_random            0.10   0.100  20  +0.0173  -0.0096  +0.0503  0.7532  1.0000  no   yes 
fashionmnist 4  v10_vs_random            0.25   0.000  20  -0.0064  -0.0147  +0.0002  0.1167  1.0000  no   yes 
fashionmnist 4  v10_vs_random            0.25   0.030  20  -0.0010  -0.0130  +0.0114  0.8812  1.0000  no   yes 
fashionmnist 4  v10_vs_random            0.25   0.050  20  +0.0191  +0.0008  +0.0427  0.1530  1.0000  no   yes 
fashionmnist 4  v10_vs_random            0.25   0.100  20  +0.0263  -0.0062  +0.0639  0.4980  1.0000  no   yes 
fashionmnist 4  v10_vs_random            0.40   0.000  20  +0.0007  -0.0056  +0.0072  0.7603  1.0000  no   yes 
fashionmnist 4  v10_vs_random            0.40   0.030  20  -0.0017  -0.0093  +0.0062  0.7510  1.0000  no   yes 
fashionmnist 4  v10_vs_random            0.40   0.050  20  +0.0034  -0.0073  +0.0156  0.8247  1.0000  no   yes 
fashionmnist 4  v10_vs_random            0.40   0.100  20  +0.0235  +0.0016  +0.0514  0.1119  1.0000  no   yes 
fashionmnist 4  v10_vs_magnitude         0.10   0.000  20  -0.0109  -0.0157  -0.0063  0.0006  0.0071  YES  yes 
fashionmnist 4  v10_vs_magnitude         0.10   0.030  20  +0.0074  -0.0065  +0.0227  0.5628  1.0000  no   yes 
fashionmnist 4  v10_vs_magnitude         0.10   0.050  20  +0.0350  +0.0092  +0.0637  0.0892  0.6247  no   yes 
fashionmnist 4  v10_vs_magnitude         0.10   0.100  20  +0.0295  -0.0013  +0.0641  0.2679  1.0000  no   yes 
fashionmnist 4  v10_vs_magnitude         0.25   0.000  20  -0.0113  -0.0190  -0.0048  0.0053  0.0581  no   yes 
fashionmnist 4  v10_vs_magnitude         0.25   0.030  20  +0.0068  -0.0072  +0.0226  0.6541  1.0000  no   yes 
fashionmnist 4  v10_vs_magnitude         0.25   0.050  20  +0.0368  +0.0097  +0.0673  0.0458  0.4118  no   yes 
fashionmnist 4  v10_vs_magnitude         0.25   0.100  20  +0.0490  +0.0116  +0.0881  0.0500  0.4118  no   yes 
fashionmnist 4  v10_vs_magnitude         0.40   0.000  20  +0.0189  -0.0017  +0.0442  0.5254  1.0000  no   yes 
fashionmnist 4  v10_vs_magnitude         0.40   0.030  20  +0.0185  -0.0006  +0.0443  0.3651  1.0000  no   yes 
fashionmnist 4  v10_vs_magnitude         0.40   0.050  20  +0.0191  +0.0011  +0.0433  0.2249  1.0000  no   yes 
fashionmnist 4  v10_vs_magnitude         0.40   0.100  20  +0.0331  +0.0087  +0.0579  0.0362  0.3623  no   yes 
fashionmnist 4  v10_vs_movement_only     0.10   0.000  20  -0.0009  -0.0055  +0.0036  0.8276  1.0000  no   yes 
fashionmnist 4  v10_vs_movement_only     0.10   0.030  20  +0.0021  -0.0085  +0.0148  0.8106  1.0000  no   yes 
fashionmnist 4  v10_vs_movement_only     0.10   0.050  20  +0.0052  -0.0127  +0.0240  0.5627  1.0000  no   yes 
fashionmnist 4  v10_vs_movement_only     0.10   0.100  20  +0.0069  -0.0104  +0.0262  0.7332  1.0000  no   yes 
fashionmnist 4  v10_vs_movement_only     0.25   0.000  20  +0.0010  -0.0063  +0.0121  0.2950  1.0000  no   yes 
fashionmnist 4  v10_vs_movement_only     0.25   0.030  20  +0.0068  -0.0041  +0.0209  0.7627  1.0000  no   yes 
fashionmnist 4  v10_vs_movement_only     0.25   0.050  20  +0.0113  -0.0041  +0.0288  0.5730  1.0000  no   yes 
fashionmnist 4  v10_vs_movement_only     0.25   0.100  20  +0.0026  -0.0276  +0.0356  0.8373  1.0000  no   no  
fashionmnist 4  v10_vs_movement_only     0.40   0.000  20  +0.0175  +0.0036  +0.0335  0.0222  0.2664  no   yes 
fashionmnist 4  v10_vs_movement_only     0.40   0.030  20  +0.0169  +0.0040  +0.0321  0.0593  0.5689  no   yes 
fashionmnist 4  v10_vs_movement_only     0.40   0.050  20  +0.0188  +0.0040  +0.0348  0.0569  0.5689  no   yes 
fashionmnist 4  v10_vs_movement_only     0.40   0.100  20  +0.0289  +0.0016  +0.0567  0.0276  0.3035  no   yes 
fashionmnist 4  regrow_effect            0.10   0.000  20  +0.0023  -0.0019  +0.0062  0.2102  1.0000  no   yes 
fashionmnist 4  regrow_effect            0.10   0.030  20  +0.0008  -0.0044  +0.0056  0.6188  1.0000  no   yes 
fashionmnist 4  regrow_effect            0.10   0.050  20  -0.0039  -0.0129  +0.0052  0.3700  1.0000  no   yes 
fashionmnist 4  regrow_effect            0.10   0.100  20  -0.0135  -0.0346  +0.0028  0.3454  1.0000  no   no  
fashionmnist 4  regrow_effect            0.25   0.000  20  +0.0022  -0.0066  +0.0131  0.7087  1.0000  no   yes 
fashionmnist 4  regrow_effect            0.25   0.030  20  +0.0107  +0.0014  +0.0231  0.0249  0.2993  no   yes 
fashionmnist 4  regrow_effect            0.25   0.050  20  +0.0049  -0.0114  +0.0219  0.3503  1.0000  no   yes 
fashionmnist 4  regrow_effect            0.25   0.100  20  -0.0043  -0.0387  +0.0311  0.8248  1.0000  no   no  
fashionmnist 4  regrow_effect            0.40   0.000  20  +0.0020  -0.0133  +0.0171  0.7019  1.0000  no   yes 
fashionmnist 4  regrow_effect            0.40   0.030  20  +0.0021  -0.0103  +0.0150  1.0000  1.0000  no   yes 
fashionmnist 4  regrow_effect            0.40   0.050  20  +0.0024  -0.0106  +0.0157  0.7781  1.0000  no   yes 
fashionmnist 4  regrow_effect            0.40   0.100  20  +0.0110  -0.0127  +0.0331  0.3271  1.0000  no   yes 
fashionmnist 4  distill_effect           0.10   0.000  20  -0.0032  -0.0072  +0.0010  0.1210  1.0000  no   yes 
fashionmnist 4  distill_effect           0.10   0.030  20  +0.0012  -0.0089  +0.0126  1.0000  1.0000  no   yes 
fashionmnist 4  distill_effect           0.10   0.050  20  +0.0091  -0.0071  +0.0267  0.2954  1.0000  no   yes 
fashionmnist 4  distill_effect           0.10   0.100  20  +0.0204  -0.0047  +0.0516  0.2454  1.0000  no   yes 
fashionmnist 4  distill_effect           0.25   0.000  20  -0.0012  -0.0073  +0.0047  0.5881  1.0000  no   yes 
fashionmnist 4  distill_effect           0.25   0.030  20  -0.0039  -0.0121  +0.0051  0.1614  1.0000  no   yes 
fashionmnist 4  distill_effect           0.25   0.050  20  +0.0064  -0.0094  +0.0296  0.7321  1.0000  no   yes 
fashionmnist 4  distill_effect           0.25   0.100  20  +0.0069  -0.0241  +0.0404  0.8813  1.0000  no   yes 
fashionmnist 4  distill_effect           0.40   0.000  20  +0.0155  +0.0022  +0.0321  0.0610  0.7323  no   yes 
fashionmnist 4  distill_effect           0.40   0.030  20  +0.0148  +0.0010  +0.0319  0.1907  1.0000  no   yes 
fashionmnist 4  distill_effect           0.40   0.050  20  +0.0164  +0.0026  +0.0333  0.1559  1.0000  no   yes 
fashionmnist 4  distill_effect           0.40   0.100  20  +0.0179  -0.0047  +0.0413  0.1671  1.0000  no   yes 
fashionmnist 4  quant_effect_in_pruned   0.10   0.000  20  -0.0007  -0.0032  +0.0018  0.4892  1.0000  no   yes 
fashionmnist 4  quant_effect_in_pruned   0.10   0.030  20  +0.0004  -0.0044  +0.0062  0.4327  1.0000  no   yes 
fashionmnist 4  quant_effect_in_pruned   0.10   0.050  20  +0.0044  -0.0029  +0.0137  0.6860  1.0000  no   yes 
fashionmnist 4  quant_effect_in_pruned   0.10   0.100  20  +0.0036  -0.0041  +0.0138  0.8444  1.0000  no   yes 
fashionmnist 4  quant_effect_in_pruned   0.25   0.000  20  -0.0033  -0.0074  +0.0007  0.1975  1.0000  no   yes 
fashionmnist 4  quant_effect_in_pruned   0.25   0.030  20  -0.0024  -0.0076  +0.0024  0.2773  1.0000  no   yes 
fashionmnist 4  quant_effect_in_pruned   0.25   0.050  20  +0.0046  -0.0053  +0.0179  0.9839  1.0000  no   yes 
fashionmnist 4  quant_effect_in_pruned   0.25   0.100  20  -0.0046  -0.0287  +0.0223  0.4939  1.0000  no   no  
fashionmnist 4  quant_effect_in_pruned   0.40   0.000  20  +0.0027  -0.0066  +0.0119  0.6186  1.0000  no   yes 
fashionmnist 4  quant_effect_in_pruned   0.40   0.030  20  +0.0034  -0.0057  +0.0125  0.5381  1.0000  no   yes 
fashionmnist 4  quant_effect_in_pruned   0.40   0.050  20  +0.0059  -0.0036  +0.0167  0.2761  1.0000  no   yes 
fashionmnist 4  quant_effect_in_pruned   0.40   0.100  20  +0.0180  -0.0008  +0.0426  0.3603  1.0000  no   yes 
fashionmnist 4  protect_effect           0.10   0.000  20  -0.0004  -0.0033  +0.0027  0.7533  1.0000  no   yes 
fashionmnist 4  protect_effect           0.10   0.030  20  +0.0040  -0.0022  +0.0109  0.2860  1.0000  no   yes 
fashionmnist 4  protect_effect           0.10   0.050  20  +0.0103  +0.0030  +0.0193  0.0133  0.1595  no   yes 
fashionmnist 4  protect_effect           0.10   0.100  20  +0.0050  -0.0021  +0.0133  0.3980  1.0000  no   yes 
fashionmnist 4  protect_effect           0.25   0.000  20  +0.0029  -0.0039  +0.0104  0.3164  1.0000  no   yes 
fashionmnist 4  protect_effect           0.25   0.030  20  -0.0026  -0.0092  +0.0043  0.3601  1.0000  no   yes 
fashionmnist 4  protect_effect           0.25   0.050  20  +0.0031  -0.0065  +0.0144  0.9132  1.0000  no   yes 
fashionmnist 4  protect_effect           0.25   0.100  20  -0.0004  -0.0262  +0.0201  0.5565  1.0000  no   no  
fashionmnist 4  protect_effect           0.40   0.000  20  +0.0078  -0.0064  +0.0240  0.4688  1.0000  no   yes 
fashionmnist 4  protect_effect           0.40   0.030  20  +0.0094  -0.0031  +0.0228  0.2047  1.0000  no   yes 
fashionmnist 4  protect_effect           0.40   0.050  20  +0.0080  -0.0046  +0.0209  0.2959  1.0000  no   yes 
fashionmnist 4  protect_effect           0.40   0.100  20  +0.0153  -0.0016  +0.0311  0.0364  0.4002  no   yes 
fashionmnist 6  quantization_cost        0.00   0.000  20  -0.0023  -0.0048  -0.0001  0.1446  0.5782  no   yes 
fashionmnist 6  quantization_cost        0.00   0.030  20  +0.0044  -0.0013  +0.0104  0.2140  0.5782  no   yes 
fashionmnist 6  quantization_cost        0.00   0.050  20  +0.0061  -0.0007  +0.0133  0.1529  0.5782  no   yes 
fashionmnist 6  quantization_cost        0.00   0.100  20  +0.0017  -0.0027  +0.0076  0.6655  0.6655  no   yes 
fashionmnist 6  v10_vs_dense_fp          0.10   0.000  20  -0.0277  -0.0371  -0.0192  0.0001  0.0010  YES  no  
fashionmnist 6  v10_vs_dense_fp          0.10   0.030  20  +0.0151  -0.0032  +0.0339  0.2178  0.2178  no   yes 
fashionmnist 6  v10_vs_dense_fp          0.10   0.050  20  +0.0546  +0.0300  +0.0788  0.0006  0.0035  YES  yes 
fashionmnist 6  v10_vs_dense_fp          0.10   0.100  20  +0.0588  +0.0260  +0.0946  0.0045  0.0178  YES  yes 
fashionmnist 6  v10_vs_dense_fp          0.25   0.000  20  -0.0329  -0.0441  -0.0231  0.0001  0.0010  YES  no  
fashionmnist 6  v10_vs_dense_fp          0.25   0.030  20  +0.0171  -0.0011  +0.0352  0.0585  0.1499  no   yes 
fashionmnist 6  v10_vs_dense_fp          0.25   0.050  20  +0.0747  +0.0446  +0.1050  0.0004  0.0029  YES  yes 
fashionmnist 6  v10_vs_dense_fp          0.25   0.100  20  +0.0789  +0.0491  +0.1085  0.0007  0.0036  YES  yes 
fashionmnist 6  v10_vs_dense_fp          0.40   0.000  20  -0.0366  -0.0484  -0.0270  0.0001  0.0010  YES  no  
fashionmnist 6  v10_vs_dense_fp          0.40   0.030  20  +0.0204  +0.0032  +0.0373  0.0500  0.1499  no   yes 
fashionmnist 6  v10_vs_dense_fp          0.40   0.050  20  +0.0841  +0.0557  +0.1157  0.0002  0.0016  YES  yes 
fashionmnist 6  v10_vs_dense_fp          0.40   0.100  20  +0.1083  +0.0796  +0.1373  0.0001  0.0010  YES  yes 
fashionmnist 6  pruning_cost_given_qat   0.10   0.000  20  -0.0254  -0.0348  -0.0168  0.0001  0.0011  YES  no  
fashionmnist 6  pruning_cost_given_qat   0.10   0.030  20  +0.0106  -0.0073  +0.0281  0.3411  0.3913  no   yes 
fashionmnist 6  pruning_cost_given_qat   0.10   0.050  20  +0.0485  +0.0212  +0.0781  0.0095  0.0379  YES  yes 
fashionmnist 6  pruning_cost_given_qat   0.10   0.100  20  +0.0571  +0.0251  +0.0914  0.0041  0.0205  YES  yes 
fashionmnist 6  pruning_cost_given_qat   0.25   0.000  20  -0.0306  -0.0410  -0.0219  0.0001  0.0011  YES  no  
fashionmnist 6  pruning_cost_given_qat   0.25   0.030  20  +0.0126  -0.0042  +0.0306  0.1401  0.3913  no   yes 
fashionmnist 6  pruning_cost_given_qat   0.25   0.050  20  +0.0686  +0.0366  +0.1017  0.0015  0.0090  YES  yes 
fashionmnist 6  pruning_cost_given_qat   0.25   0.100  20  +0.0772  +0.0493  +0.1064  0.0003  0.0025  YES  yes 
fashionmnist 6  pruning_cost_given_qat   0.40   0.000  20  -0.0342  -0.0463  -0.0248  0.0001  0.0011  YES  no  
fashionmnist 6  pruning_cost_given_qat   0.40   0.030  20  +0.0160  +0.0001  +0.0328  0.1304  0.3913  no   yes 
fashionmnist 6  pruning_cost_given_qat   0.40   0.050  20  +0.0781  +0.0462  +0.1107  0.0004  0.0027  YES  yes 
fashionmnist 6  pruning_cost_given_qat   0.40   0.100  20  +0.1066  +0.0788  +0.1348  0.0001  0.0011  YES  yes 
fashionmnist 6  v10_vs_random            0.10   0.000  20  -0.0109  -0.0198  -0.0026  0.0441  0.4849  no   yes 
fashionmnist 6  v10_vs_random            0.10   0.030  20  -0.0001  -0.0111  +0.0111  0.7368  1.0000  no   yes 
fashionmnist 6  v10_vs_random            0.10   0.050  20  +0.0157  -0.0026  +0.0361  0.1988  1.0000  no   yes 
fashionmnist 6  v10_vs_random            0.10   0.100  20  +0.0261  -0.0065  +0.0612  0.2342  1.0000  no   yes 
fashionmnist 6  v10_vs_random            0.25   0.000  20  -0.0061  -0.0173  +0.0032  0.3603  1.0000  no   yes 
fashionmnist 6  v10_vs_random            0.25   0.030  20  +0.0013  -0.0077  +0.0090  0.3504  1.0000  no   yes 
fashionmnist 6  v10_vs_random            0.25   0.050  20  +0.0167  +0.0006  +0.0326  0.0618  0.5566  no   yes 
fashionmnist 6  v10_vs_random            0.25   0.100  20  +0.0304  -0.0029  +0.0646  0.1506  1.0000  no   yes 
fashionmnist 6  v10_vs_random            0.40   0.000  20  +0.0013  -0.0116  +0.0152  0.7781  1.0000  no   yes 
fashionmnist 6  v10_vs_random            0.40   0.030  20  +0.0013  -0.0075  +0.0121  0.7368  1.0000  no   yes 
fashionmnist 6  v10_vs_random            0.40   0.050  20  +0.0126  +0.0026  +0.0226  0.0462  0.4849  no   yes 
fashionmnist 6  v10_vs_random            0.40   0.100  20  +0.0421  +0.0127  +0.0727  0.0242  0.2905  no   yes 
fashionmnist 6  v10_vs_magnitude         0.10   0.000  20  -0.0202  -0.0293  -0.0117  0.0006  0.0075  YES  no  
fashionmnist 6  v10_vs_magnitude         0.10   0.030  20  +0.0007  -0.0137  +0.0156  0.9679  1.0000  no   yes 
fashionmnist 6  v10_vs_magnitude         0.10   0.050  20  +0.0357  +0.0134  +0.0594  0.0107  0.0962  no   yes 
fashionmnist 6  v10_vs_magnitude         0.10   0.100  20  +0.0482  +0.0161  +0.0828  0.0084  0.0836  no   yes 
fashionmnist 6  v10_vs_magnitude         0.25   0.000  20  -0.0143  -0.0272  -0.0034  0.0349  0.2092  no   no  
fashionmnist 6  v10_vs_magnitude         0.25   0.030  20  -0.0039  -0.0162  +0.0087  0.6291  1.0000  no   yes 
fashionmnist 6  v10_vs_magnitude         0.25   0.050  20  +0.0229  +0.0018  +0.0443  0.0929  0.4645  no   yes 
fashionmnist 6  v10_vs_magnitude         0.25   0.100  20  +0.0476  +0.0159  +0.0802  0.0149  0.1192  no   yes 
fashionmnist 6  v10_vs_magnitude         0.40   0.000  20  +0.0047  -0.0070  +0.0184  0.7794  1.0000  no   yes 
fashionmnist 6  v10_vs_magnitude         0.40   0.030  20  +0.0111  -0.0041  +0.0272  0.4564  1.0000  no   yes 
fashionmnist 6  v10_vs_magnitude         0.40   0.050  20  +0.0211  +0.0052  +0.0364  0.0239  0.1672  no   yes 
fashionmnist 6  v10_vs_magnitude         0.40   0.100  20  +0.0423  +0.0160  +0.0702  0.0064  0.0706  no   yes 
fashionmnist 6  v10_vs_movement_only     0.10   0.000  20  -0.0061  -0.0171  +0.0049  0.3651  1.0000  no   yes 
fashionmnist 6  v10_vs_movement_only     0.10   0.030  20  +0.0024  -0.0099  +0.0158  0.8960  1.0000  no   yes 
fashionmnist 6  v10_vs_movement_only     0.10   0.050  20  +0.0027  -0.0195  +0.0243  0.5135  1.0000  no   yes 
fashionmnist 6  v10_vs_movement_only     0.10   0.100  20  +0.0163  -0.0127  +0.0477  0.4228  1.0000  no   yes 
fashionmnist 6  v10_vs_movement_only     0.25   0.000  20  +0.0253  +0.0066  +0.0445  0.0130  0.1042  no   yes 
fashionmnist 6  v10_vs_movement_only     0.25   0.030  20  +0.0342  +0.0152  +0.0569  0.0054  0.0486  YES  yes 
fashionmnist 6  v10_vs_movement_only     0.25   0.050  20  +0.0374  +0.0138  +0.0638  0.0137  0.1042  no   yes 
fashionmnist 6  v10_vs_movement_only     0.25   0.100  20  -0.0027  -0.0409  +0.0332  0.7841  1.0000  no   no  
fashionmnist 6  v10_vs_movement_only     0.40   0.000  20  +0.0432  +0.0223  +0.0681  0.0017  0.0188  YES  yes 
fashionmnist 6  v10_vs_movement_only     0.40   0.030  20  +0.0413  +0.0189  +0.0650  0.0045  0.0454  YES  yes 
fashionmnist 6  v10_vs_movement_only     0.40   0.050  20  +0.0439  +0.0231  +0.0666  0.0010  0.0122  YES  yes 
fashionmnist 6  v10_vs_movement_only     0.40   0.100  20  +0.0166  -0.0173  +0.0484  0.1352  0.8113  no   yes 
fashionmnist 6  regrow_effect            0.10   0.000  20  +0.0009  -0.0089  +0.0106  0.8960  1.0000  no   yes 
fashionmnist 6  regrow_effect            0.10   0.030  20  +0.0038  -0.0099  +0.0181  0.7627  1.0000  no   yes 
fashionmnist 6  regrow_effect            0.10   0.050  20  +0.0020  -0.0208  +0.0229  0.4858  1.0000  no   yes 
fashionmnist 6  regrow_effect            0.10   0.100  20  +0.0164  -0.0154  +0.0485  0.1769  0.8847  no   yes 
fashionmnist 6  regrow_effect            0.25   0.000  20  +0.0268  +0.0114  +0.0431  0.0057  0.0515  no   yes 
fashionmnist 6  regrow_effect            0.25   0.030  20  +0.0278  +0.0081  +0.0493  0.0240  0.1916  no   yes 
fashionmnist 6  regrow_effect            0.25   0.050  20  +0.0279  +0.0082  +0.0508  0.0438  0.3064  no   yes 
fashionmnist 6  regrow_effect            0.25   0.100  20  -0.0052  -0.0359  +0.0244  0.6580  1.0000  no   no  
fashionmnist 6  regrow_effect            0.40   0.000  20  +0.0358  +0.0153  +0.0598  0.0023  0.0281  YES  yes 
fashionmnist 6  regrow_effect            0.40   0.030  20  +0.0366  +0.0168  +0.0594  0.0027  0.0298  YES  yes 
fashionmnist 6  regrow_effect            0.40   0.050  20  +0.0365  +0.0172  +0.0580  0.0031  0.0310  YES  yes 
fashionmnist 6  regrow_effect            0.40   0.100  20  +0.0147  -0.0129  +0.0384  0.0989  0.5933  no   yes 
fashionmnist 6  distill_effect           0.10   0.000  20  -0.0071  -0.0143  -0.0002  0.1443  1.0000  no   yes 
fashionmnist 6  distill_effect           0.10   0.030  20  -0.0014  -0.0104  +0.0071  0.9108  1.0000  no   yes 
fashionmnist 6  distill_effect           0.10   0.050  20  +0.0007  -0.0155  +0.0152  0.5503  1.0000  no   yes 
fashionmnist 6  distill_effect           0.10   0.100  20  -0.0001  -0.0356  +0.0356  0.7604  1.0000  no   no  
fashionmnist 6  distill_effect           0.25   0.000  20  -0.0015  -0.0106  +0.0061  0.8404  1.0000  no   yes 
fashionmnist 6  distill_effect           0.25   0.030  20  +0.0064  -0.0024  +0.0156  0.1710  1.0000  no   yes 
fashionmnist 6  distill_effect           0.25   0.050  20  +0.0095  -0.0008  +0.0209  0.1402  1.0000  no   yes 
fashionmnist 6  distill_effect           0.25   0.100  20  +0.0026  -0.0293  +0.0326  0.8124  1.0000  no   no  
fashionmnist 6  distill_effect           0.40   0.000  20  +0.0074  +0.0005  +0.0146  0.0947  1.0000  no   yes 
fashionmnist 6  distill_effect           0.40   0.030  20  +0.0046  -0.0049  +0.0146  0.5254  1.0000  no   yes 
fashionmnist 6  distill_effect           0.40   0.050  20  +0.0074  -0.0022  +0.0184  0.2350  1.0000  no   yes 
fashionmnist 6  distill_effect           0.40   0.100  20  +0.0019  -0.0275  +0.0293  0.6274  1.0000  no   no  
fashionmnist 6  quant_effect_in_pruned   0.10   0.000  20  -0.0005  -0.0054  +0.0043  0.9305  1.0000  no   yes 
fashionmnist 6  quant_effect_in_pruned   0.10   0.030  20  -0.0038  -0.0124  +0.0038  0.7088  1.0000  no   yes 
fashionmnist 6  quant_effect_in_pruned   0.10   0.050  20  +0.0043  -0.0106  +0.0214  0.6272  1.0000  no   yes 
fashionmnist 6  quant_effect_in_pruned   0.10   0.100  20  -0.0003  -0.0128  +0.0120  0.7546  1.0000  no   yes 
fashionmnist 6  quant_effect_in_pruned   0.25   0.000  20  +0.0049  -0.0061  +0.0163  0.1649  1.0000  no   yes 
fashionmnist 6  quant_effect_in_pruned   0.25   0.030  20  +0.0073  -0.0015  +0.0193  0.6810  1.0000  no   yes 
fashionmnist 6  quant_effect_in_pruned   0.25   0.050  20  +0.0050  -0.0031  +0.0154  0.3700  1.0000  no   yes 
fashionmnist 6  quant_effect_in_pruned   0.25   0.100  20  -0.0022  -0.0266  +0.0186  0.5699  1.0000  no   no  
fashionmnist 6  quant_effect_in_pruned   0.40   0.000  20  -0.0014  -0.0077  +0.0039  0.9679  1.0000  no   yes 
fashionmnist 6  quant_effect_in_pruned   0.40   0.030  20  -0.0033  -0.0084  +0.0017  0.3039  1.0000  no   yes 
fashionmnist 6  quant_effect_in_pruned   0.40   0.050  20  -0.0039  -0.0094  +0.0006  0.2625  1.0000  no   yes 
fashionmnist 6  quant_effect_in_pruned   0.40   0.100  20  -0.0008  -0.0177  +0.0179  0.5502  1.0000  no   yes 
fashionmnist 6  protect_effect           0.10   0.000  20  -0.0026  -0.0095  +0.0040  0.5524  1.0000  no   yes 
fashionmnist 6  protect_effect           0.10   0.030  20  -0.0031  -0.0086  +0.0020  0.3001  1.0000  no   yes 
fashionmnist 6  protect_effect           0.10   0.050  20  -0.0059  -0.0196  +0.0042  0.6372  1.0000  no   yes 
fashionmnist 6  protect_effect           0.10   0.100  20  -0.0034  -0.0274  +0.0249  0.4802  1.0000  no   no  
fashionmnist 6  protect_effect           0.25   0.000  20  +0.0021  -0.0074  +0.0101  0.2869  1.0000  no   yes 
fashionmnist 6  protect_effect           0.25   0.030  20  +0.0031  -0.0070  +0.0124  0.3542  1.0000  no   yes 
fashionmnist 6  protect_effect           0.25   0.050  20  +0.0026  -0.0094  +0.0128  0.3132  1.0000  no   yes 
fashionmnist 6  protect_effect           0.25   0.100  20  -0.0151  -0.0462  +0.0116  0.8519  1.0000  no   no  
fashionmnist 6  protect_effect           0.40   0.000  20  +0.0177  +0.0072  +0.0310  0.0055  0.0656  no   yes 
fashionmnist 6  protect_effect           0.40   0.030  20  +0.0079  -0.0017  +0.0201  0.5460  1.0000  no   yes 
fashionmnist 6  protect_effect           0.40   0.050  20  +0.0029  -0.0085  +0.0161  0.9358  1.0000  no   yes 
fashionmnist 6  protect_effect           0.40   0.100  20  -0.0342  -0.0674  -0.0029  0.0836  0.9191  no   no  
mnist        4  quantization_cost        0.00   0.000  20  -0.0018  -0.0052  +0.0018  0.2132  0.4265  no   yes 
mnist        4  quantization_cost        0.00   0.030  20  +0.0004  -0.0025  +0.0036  0.9826  0.9826  no   yes 
mnist        4  quantization_cost        0.00   0.050  20  +0.0053  +0.0005  +0.0127  0.1358  0.4073  no   yes 
mnist        4  quantization_cost        0.00   0.100  20  +0.0056  +0.0009  +0.0110  0.0410  0.1641  no   yes 
mnist        4  v10_vs_dense_fp          0.10   0.000  20  -0.0099  -0.0129  -0.0072  0.0001  0.0010  YES  yes 
mnist        4  v10_vs_dense_fp          0.10   0.030  20  +0.0056  -0.0007  +0.0128  0.2119  0.6358  no   yes 
mnist        4  v10_vs_dense_fp          0.10   0.050  20  +0.0372  +0.0165  +0.0606  0.0013  0.0067  YES  yes 
mnist        4  v10_vs_dense_fp          0.10   0.100  20  +0.0490  +0.0260  +0.0744  0.0011  0.0067  YES  yes 
mnist        4  v10_vs_dense_fp          0.25   0.000  20  -0.0137  -0.0187  -0.0091  0.0002  0.0017  YES  yes 
mnist        4  v10_vs_dense_fp          0.25   0.030  20  +0.0062  -0.0011  +0.0152  0.4723  0.9446  no   yes 
mnist        4  v10_vs_dense_fp          0.25   0.050  20  +0.0462  +0.0186  +0.0800  0.0009  0.0066  YES  yes 
mnist        4  v10_vs_dense_fp          0.25   0.100  20  +0.0643  +0.0385  +0.0923  0.0006  0.0052  YES  yes 
mnist        4  v10_vs_dense_fp          0.40   0.000  20  -0.0171  -0.0255  -0.0097  0.0006  0.0052  YES  no  
mnist        4  v10_vs_dense_fp          0.40   0.030  20  +0.0042  -0.0057  +0.0147  0.5013  0.9446  no   yes 
mnist        4  v10_vs_dense_fp          0.40   0.050  20  +0.0519  +0.0200  +0.0904  0.0057  0.0229  YES  yes 
mnist        4  v10_vs_dense_fp          0.40   0.100  20  +0.1026  +0.0654  +0.1399  0.0004  0.0040  YES  yes 
mnist        4  pruning_cost_given_qat   0.10   0.000  20  -0.0081  -0.0116  -0.0049  0.0004  0.0046  YES  yes 
mnist        4  pruning_cost_given_qat   0.10   0.030  20  +0.0053  -0.0016  +0.0126  0.1443  0.4330  no   yes 
mnist        4  pruning_cost_given_qat   0.10   0.050  20  +0.0319  +0.0131  +0.0549  0.0022  0.0110  YES  yes 
mnist        4  pruning_cost_given_qat   0.10   0.100  20  +0.0434  +0.0223  +0.0658  0.0013  0.0106  YES  yes 
mnist        4  pruning_cost_given_qat   0.25   0.000  20  -0.0119  -0.0180  -0.0063  0.0007  0.0066  YES  yes 
mnist        4  pruning_cost_given_qat   0.25   0.030  20  +0.0058  -0.0021  +0.0146  0.2178  0.4357  no   yes 
mnist        4  pruning_cost_given_qat   0.25   0.050  20  +0.0409  +0.0163  +0.0707  0.0016  0.0106  YES  yes 
mnist        4  pruning_cost_given_qat   0.25   0.100  20  +0.0587  +0.0346  +0.0851  0.0004  0.0046  YES  yes 
mnist        4  pruning_cost_given_qat   0.40   0.000  20  -0.0153  -0.0244  -0.0076  0.0013  0.0106  YES  no  
mnist        4  pruning_cost_given_qat   0.40   0.030  20  +0.0039  -0.0058  +0.0141  0.5381  0.5381  no   yes 
mnist        4  pruning_cost_given_qat   0.40   0.050  20  +0.0466  +0.0163  +0.0806  0.0054  0.0216  YES  yes 
mnist        4  pruning_cost_given_qat   0.40   0.100  20  +0.0970  +0.0625  +0.1334  0.0003  0.0035  YES  yes 
mnist        4  v10_vs_random            0.10   0.000  20  -0.0027  -0.0049  -0.0004  0.0240  0.2883  no   yes 
mnist        4  v10_vs_random            0.10   0.030  20  -0.0002  -0.0037  +0.0032  0.9622  1.0000  no   yes 
mnist        4  v10_vs_random            0.10   0.050  20  +0.0034  -0.0036  +0.0101  0.1912  1.0000  no   yes 
mnist        4  v10_vs_random            0.10   0.100  20  +0.0095  -0.0096  +0.0301  0.2342  1.0000  no   yes 
mnist        4  v10_vs_random            0.25   0.000  20  -0.0032  -0.0067  +0.0005  0.1118  1.0000  no   yes 
mnist        4  v10_vs_random            0.25   0.030  20  -0.0022  -0.0058  +0.0012  0.2346  1.0000  no   yes 
mnist        4  v10_vs_random            0.25   0.050  20  -0.0004  -0.0068  +0.0063  0.7224  1.0000  no   yes 
mnist        4  v10_vs_random            0.25   0.100  20  -0.0005  -0.0224  +0.0205  0.9434  1.0000  no   yes 
mnist        4  v10_vs_random            0.40   0.000  20  -0.0052  -0.0118  +0.0009  0.2195  1.0000  no   yes 
mnist        4  v10_vs_random            0.40   0.030  20  -0.0044  -0.0116  +0.0022  0.2047  1.0000  no   yes 
mnist        4  v10_vs_random            0.40   0.050  20  -0.0010  -0.0109  +0.0100  0.2511  1.0000  no   yes 
mnist        4  v10_vs_random            0.40   0.100  20  +0.0126  -0.0107  +0.0385  0.3544  1.0000  no   yes 
mnist        4  v10_vs_magnitude         0.10   0.000  20  -0.0080  -0.0119  -0.0046  0.0007  0.0086  YES  yes 
mnist        4  v10_vs_magnitude         0.10   0.030  20  +0.0023  -0.0035  +0.0081  0.4665  1.0000  no   yes 
mnist        4  v10_vs_magnitude         0.10   0.050  20  +0.0147  +0.0022  +0.0294  0.0592  0.5331  no   yes 
mnist        4  v10_vs_magnitude         0.10   0.100  20  +0.0274  +0.0075  +0.0475  0.0262  0.2616  no   yes 
mnist        4  v10_vs_magnitude         0.25   0.000  20  -0.0079  -0.0125  -0.0029  0.0031  0.0337  YES  yes 
mnist        4  v10_vs_magnitude         0.25   0.030  20  -0.0002  -0.0042  +0.0042  0.6272  1.0000  no   yes 
mnist        4  v10_vs_magnitude         0.25   0.050  20  +0.0089  -0.0003  +0.0189  0.0673  0.5331  no   yes 
mnist        4  v10_vs_magnitude         0.25   0.100  20  +0.0151  +0.0015  +0.0295  0.0627  0.5331  no   yes 
mnist        4  v10_vs_magnitude         0.40   0.000  20  -0.0051  -0.0111  +0.0005  0.1083  0.6500  no   yes 
mnist        4  v10_vs_magnitude         0.40   0.030  20  -0.0029  -0.0078  +0.0026  0.1346  0.6730  no   yes 
mnist        4  v10_vs_magnitude         0.40   0.050  20  -0.0011  -0.0081  +0.0058  0.6873  1.0000  no   yes 
mnist        4  v10_vs_magnitude         0.40   0.100  20  +0.0150  -0.0129  +0.0437  0.5327  1.0000  no   yes 
mnist        4  v10_vs_movement_only     0.10   0.000  20  -0.0010  -0.0044  +0.0021  0.5893  1.0000  no   yes 
mnist        4  v10_vs_movement_only     0.10   0.030  20  +0.0028  -0.0027  +0.0105  0.4928  1.0000  no   yes 
mnist        4  v10_vs_movement_only     0.10   0.050  20  +0.0128  -0.0062  +0.0375  0.4444  1.0000  no   yes 
mnist        4  v10_vs_movement_only     0.10   0.100  20  +0.0053  -0.0093  +0.0218  0.6979  1.0000  no   yes 
mnist        4  v10_vs_movement_only     0.25   0.000  20  +0.0046  -0.0004  +0.0114  0.4856  1.0000  no   yes 
mnist        4  v10_vs_movement_only     0.25   0.030  20  +0.0009  -0.0053  +0.0087  0.4324  1.0000  no   yes 
mnist        4  v10_vs_movement_only     0.25   0.050  20  -0.0033  -0.0139  +0.0074  0.2544  1.0000  no   yes 
mnist        4  v10_vs_movement_only     0.25   0.100  20  -0.0088  -0.0310  +0.0134  0.4939  1.0000  no   no  
mnist        4  v10_vs_movement_only     0.40   0.000  20  +0.0057  -0.0048  +0.0183  0.9358  1.0000  no   yes 
mnist        4  v10_vs_movement_only     0.40   0.030  20  +0.0057  -0.0034  +0.0169  0.8247  1.0000  no   yes 
mnist        4  v10_vs_movement_only     0.40   0.050  20  +0.0047  -0.0060  +0.0171  0.9404  1.0000  no   yes 
mnist        4  v10_vs_movement_only     0.40   0.100  20  -0.0096  -0.0456  +0.0234  0.9702  1.0000  no   no  
mnist        4  regrow_effect            0.10   0.000  20  +0.0013  -0.0035  +0.0049  0.0716  0.8593  no   yes 
mnist        4  regrow_effect            0.10   0.030  20  +0.0049  -0.0004  +0.0123  0.1524  1.0000  no   yes 
mnist        4  regrow_effect            0.10   0.050  20  +0.0172  +0.0012  +0.0382  0.1505  1.0000  no   yes 
mnist        4  regrow_effect            0.10   0.100  20  +0.0079  -0.0059  +0.0264  0.9547  1.0000  no   yes 
mnist        4  regrow_effect            0.25   0.000  20  +0.0057  -0.0001  +0.0134  0.1256  1.0000  no   yes 
mnist        4  regrow_effect            0.25   0.030  20  +0.0040  -0.0027  +0.0132  0.6269  1.0000  no   yes 
mnist        4  regrow_effect            0.25   0.050  20  +0.0048  -0.0021  +0.0133  0.1913  1.0000  no   yes 
mnist        4  regrow_effect            0.25   0.100  20  +0.0124  -0.0022  +0.0309  0.4722  1.0000  no   yes 
mnist        4  regrow_effect            0.40   0.000  20  +0.0046  -0.0062  +0.0160  0.6540  1.0000  no   yes 
mnist        4  regrow_effect            0.40   0.030  20  +0.0054  -0.0040  +0.0163  0.4686  1.0000  no   yes 
mnist        4  regrow_effect            0.40   0.050  20  +0.0055  -0.0057  +0.0171  0.3717  1.0000  no   yes 
mnist        4  regrow_effect            0.40   0.100  20  -0.0049  -0.0367  +0.0205  0.4897  1.0000  no   no  
mnist        4  distill_effect           0.10   0.000  20  -0.0023  -0.0053  +0.0013  0.0425  0.4674  no   yes 
mnist        4  distill_effect           0.10   0.030  20  -0.0021  -0.0052  +0.0010  0.1982  1.0000  no   yes 
mnist        4  distill_effect           0.10   0.050  20  -0.0044  -0.0130  +0.0039  0.4550  1.0000  no   yes 
mnist        4  distill_effect           0.10   0.100  20  -0.0026  -0.0154  +0.0097  0.8767  1.0000  no   yes 
mnist        4  distill_effect           0.25   0.000  20  -0.0011  -0.0037  +0.0019  0.2593  1.0000  no   yes 
mnist        4  distill_effect           0.25   0.030  20  -0.0031  -0.0065  +0.0002  0.1124  1.0000  no   yes 
mnist        4  distill_effect           0.25   0.050  20  -0.0081  -0.0155  -0.0019  0.0834  0.8337  no   yes 
mnist        4  distill_effect           0.25   0.100  20  -0.0212  -0.0366  -0.0076  0.0108  0.1301  no   no  
mnist        4  distill_effect           0.40   0.000  20  +0.0011  -0.0042  +0.0069  0.9058  1.0000  no   yes 
mnist        4  distill_effect           0.40   0.030  20  +0.0003  -0.0042  +0.0052  1.0000  1.0000  no   yes 
mnist        4  distill_effect           0.40   0.050  20  -0.0008  -0.0088  +0.0073  0.4437  1.0000  no   yes 
mnist        4  distill_effect           0.40   0.100  20  -0.0046  -0.0421  +0.0345  0.7841  1.0000  no   no  
mnist        4  quant_effect_in_pruned   0.10   0.000  20  -0.0021  -0.0046  +0.0003  0.1576  1.0000  no   yes 
mnist        4  quant_effect_in_pruned   0.10   0.030  20  -0.0009  -0.0026  +0.0008  0.3186  1.0000  no   yes 
mnist        4  quant_effect_in_pruned   0.10   0.050  20  +0.0039  -0.0008  +0.0097  0.3714  1.0000  no   yes 
mnist        4  quant_effect_in_pruned   0.10   0.100  20  +0.0026  -0.0014  +0.0076  0.5716  1.0000  no   yes 
mnist        4  quant_effect_in_pruned   0.25   0.000  20  +0.0004  -0.0026  +0.0038  0.6869  1.0000  no   yes 
mnist        4  quant_effect_in_pruned   0.25   0.030  20  -0.0011  -0.0030  +0.0009  0.1758  1.0000  no   yes 
mnist        4  quant_effect_in_pruned   0.25   0.050  20  +0.0006  -0.0031  +0.0042  0.6786  1.0000  no   yes 
mnist        4  quant_effect_in_pruned   0.25   0.100  20  -0.0015  -0.0179  +0.0122  0.9319  1.0000  no   yes 
mnist        4  quant_effect_in_pruned   0.40   0.000  20  +0.0016  -0.0036  +0.0071  0.6273  1.0000  no   yes 
mnist        4  quant_effect_in_pruned   0.40   0.030  20  -0.0014  -0.0049  +0.0024  0.1843  1.0000  no   yes 
mnist        4  quant_effect_in_pruned   0.40   0.050  20  -0.0009  -0.0048  +0.0033  0.5627  1.0000  no   yes 
mnist        4  quant_effect_in_pruned   0.40   0.100  20  +0.0015  -0.0150  +0.0173  0.4320  1.0000  no   yes 
mnist        4  protect_effect           0.10   0.000  20  +0.0000  -0.0016  +0.0016  0.9156  1.0000  no   yes 
mnist        4  protect_effect           0.10   0.030  20  +0.0008  -0.0016  +0.0030  0.3517  1.0000  no   yes 
mnist        4  protect_effect           0.10   0.050  20  +0.0048  -0.0004  +0.0111  0.1730  1.0000  no   yes 
mnist        4  protect_effect           0.10   0.100  20  -0.0011  -0.0063  +0.0035  0.6845  1.0000  no   yes 
mnist        4  protect_effect           0.25   0.000  20  +0.0017  -0.0013  +0.0054  0.5130  1.0000  no   yes 
mnist        4  protect_effect           0.25   0.030  20  -0.0019  -0.0056  +0.0014  0.3650  1.0000  no   yes 
mnist        4  protect_effect           0.25   0.050  20  -0.0067  -0.0149  +0.0003  0.2459  1.0000  no   yes 
mnist        4  protect_effect           0.25   0.100  20  -0.0166  -0.0331  -0.0048  0.0096  0.1151  no   no  
mnist        4  protect_effect           0.40   0.000  20  +0.0046  +0.0003  +0.0089  0.0570  0.6268  no   yes 
mnist        4  protect_effect           0.40   0.030  20  +0.0029  -0.0026  +0.0100  0.5697  1.0000  no   yes 
mnist        4  protect_effect           0.40   0.050  20  +0.0104  -0.0031  +0.0325  0.5690  1.0000  no   yes 
mnist        4  protect_effect           0.40   0.100  20  +0.0072  -0.0159  +0.0296  0.2455  1.0000  no   yes 
mnist        6  quantization_cost        0.00   0.000  20  -0.0019  -0.0041  +0.0003  0.1583  0.6333  no   yes 
mnist        6  quantization_cost        0.00   0.030  20  -0.0013  -0.0042  +0.0015  0.4204  0.9703  no   yes 
mnist        6  quantization_cost        0.00   0.050  20  +0.0018  -0.0013  +0.0051  0.3234  0.9703  no   yes 
mnist        6  quantization_cost        0.00   0.100  20  +0.0062  -0.0021  +0.0172  0.8260  0.9703  no   yes 
mnist        6  v10_vs_dense_fp          0.10   0.000  20  -0.0128  -0.0199  -0.0059  0.0051  0.0204  YES  yes 
mnist        6  v10_vs_dense_fp          0.10   0.030  20  +0.0053  -0.0020  +0.0142  0.3505  0.7010  no   yes 
mnist        6  v10_vs_dense_fp          0.10   0.050  20  +0.0436  +0.0187  +0.0771  0.0004  0.0031  YES  yes 
mnist        6  v10_vs_dense_fp          0.10   0.100  20  +0.0876  +0.0575  +0.1197  0.0004  0.0031  YES  yes 
mnist        6  v10_vs_dense_fp          0.25   0.000  20  -0.0147  -0.0222  -0.0077  0.0013  0.0066  YES  no  
mnist        6  v10_vs_dense_fp          0.25   0.030  20  +0.0064  -0.0016  +0.0163  0.4078  0.7010  no   yes 
mnist        6  v10_vs_dense_fp          0.25   0.050  20  +0.0528  +0.0213  +0.0928  0.0001  0.0011  YES  yes 
mnist        6  v10_vs_dense_fp          0.25   0.100  20  +0.1143  +0.0803  +0.1477  0.0002  0.0019  YES  yes 
mnist        6  v10_vs_dense_fp          0.40   0.000  20  -0.0179  -0.0251  -0.0109  0.0005  0.0032  YES  no  
mnist        6  v10_vs_dense_fp          0.40   0.030  20  +0.0097  +0.0001  +0.0210  0.1669  0.5008  no   yes 
mnist        6  v10_vs_dense_fp          0.40   0.050  20  +0.0628  +0.0268  +0.1079  0.0002  0.0019  YES  yes 
mnist        6  v10_vs_dense_fp          0.40   0.100  20  +0.1519  +0.1109  +0.1934  0.0001  0.0011  YES  yes 
mnist        6  pruning_cost_given_qat   0.10   0.000  20  -0.0109  -0.0174  -0.0043  0.0090  0.0358  YES  yes 
mnist        6  pruning_cost_given_qat   0.10   0.030  20  +0.0066  -0.0001  +0.0150  0.1472  0.2102  no   yes 
mnist        6  pruning_cost_given_qat   0.10   0.050  20  +0.0417  +0.0166  +0.0761  0.0003  0.0024  YES  yes 
mnist        6  pruning_cost_given_qat   0.10   0.100  20  +0.0814  +0.0516  +0.1129  0.0004  0.0031  YES  yes 
mnist        6  pruning_cost_given_qat   0.25   0.000  20  -0.0128  -0.0199  -0.0065  0.0007  0.0036  YES  yes 
mnist        6  pruning_cost_given_qat   0.25   0.030  20  +0.0077  +0.0006  +0.0163  0.0789  0.2102  no   yes 
mnist        6  pruning_cost_given_qat   0.25   0.050  20  +0.0510  +0.0193  +0.0924  0.0000  0.0000  YES  yes 
mnist        6  pruning_cost_given_qat   0.25   0.100  20  +0.1081  +0.0749  +0.1423  0.0002  0.0020  YES  yes 
mnist        6  pruning_cost_given_qat   0.40   0.000  20  -0.0160  -0.0229  -0.0097  0.0005  0.0031  YES  no  
mnist        6  pruning_cost_given_qat   0.40   0.030  20  +0.0110  +0.0018  +0.0214  0.0701  0.2102  no   yes 
mnist        6  pruning_cost_given_qat   0.40   0.050  20  +0.0609  +0.0249  +0.1044  0.0003  0.0024  YES  yes 
mnist        6  pruning_cost_given_qat   0.40   0.100  20  +0.1457  +0.1056  +0.1868  0.0000  0.0000  YES  yes 
mnist        6  v10_vs_random            0.10   0.000  20  -0.0031  -0.0067  +0.0004  0.1848  1.0000  no   yes 
mnist        6  v10_vs_random            0.10   0.030  20  -0.0013  -0.0075  +0.0051  0.8091  1.0000  no   yes 
mnist        6  v10_vs_random            0.10   0.050  20  +0.0087  -0.0064  +0.0236  0.0825  0.6597  no   yes 
mnist        6  v10_vs_random            0.10   0.100  20  +0.0379  +0.0163  +0.0616  0.0065  0.0777  no   yes 
mnist        6  v10_vs_random            0.25   0.000  20  +0.0010  -0.0031  +0.0045  0.3696  1.0000  no   yes 
mnist        6  v10_vs_random            0.25   0.030  20  -0.0032  -0.0077  +0.0014  0.1907  1.0000  no   yes 
mnist        6  v10_vs_random            0.25   0.050  20  -0.0022  -0.0088  +0.0042  0.7780  1.0000  no   yes 
mnist        6  v10_vs_random            0.25   0.100  20  +0.0234  +0.0036  +0.0463  0.0701  0.6309  no   yes 
mnist        6  v10_vs_random            0.40   0.000  20  +0.0058  -0.0006  +0.0139  0.2392  1.0000  no   yes 
mnist        6  v10_vs_random            0.40   0.030  20  +0.0081  +0.0001  +0.0182  0.2177  1.0000  no   yes 
mnist        6  v10_vs_random            0.40   0.050  20  +0.0147  +0.0033  +0.0281  0.0499  0.4990  no   yes 
mnist        6  v10_vs_random            0.40   0.100  20  +0.0417  +0.0082  +0.0853  0.0175  0.1929  no   yes 
mnist        6  v10_vs_magnitude         0.10   0.000  20  -0.0082  -0.0137  -0.0029  0.0111  0.0800  no   yes 
mnist        6  v10_vs_magnitude         0.10   0.030  20  -0.0011  -0.0076  +0.0057  0.5626  1.0000  no   yes 
mnist        6  v10_vs_magnitude         0.10   0.050  20  +0.0200  +0.0070  +0.0358  0.0089  0.0800  no   yes 
mnist        6  v10_vs_magnitude         0.10   0.100  20  +0.0592  +0.0314  +0.0892  0.0016  0.0191  YES  yes 
mnist        6  v10_vs_magnitude         0.25   0.000  20  -0.0079  -0.0139  -0.0025  0.0238  0.1426  no   yes 
mnist        6  v10_vs_magnitude         0.25   0.030  20  +0.0021  -0.0027  +0.0073  0.6273  1.0000  no   yes 
mnist        6  v10_vs_magnitude         0.25   0.050  20  +0.0115  +0.0036  +0.0208  0.0239  0.1426  no   yes 
mnist        6  v10_vs_magnitude         0.25   0.100  20  +0.0371  +0.0143  +0.0627  0.0016  0.0191  YES  yes 
mnist        6  v10_vs_magnitude         0.40   0.000  20  +0.0060  -0.0035  +0.0166  0.8224  1.0000  no   yes 
mnist        6  v10_vs_magnitude         0.40   0.030  20  +0.0102  +0.0019  +0.0199  0.0612  0.2447  no   yes 
mnist        6  v10_vs_magnitude         0.40   0.050  20  +0.0156  +0.0058  +0.0259  0.0100  0.0800  no   yes 
mnist        6  v10_vs_magnitude         0.40   0.100  20  +0.0483  +0.0183  +0.0837  0.0048  0.0482  YES  yes 
mnist        6  v10_vs_movement_only     0.10   0.000  20  -0.0013  -0.0058  +0.0031  0.7319  1.0000  no   yes 
mnist        6  v10_vs_movement_only     0.10   0.030  20  -0.0014  -0.0069  +0.0037  0.8082  1.0000  no   yes 
mnist        6  v10_vs_movement_only     0.10   0.050  20  -0.0071  -0.0221  +0.0049  0.8248  1.0000  no   yes 
mnist        6  v10_vs_movement_only     0.10   0.100  20  -0.0005  -0.0146  +0.0139  0.8498  1.0000  no   yes 
mnist        6  v10_vs_movement_only     0.25   0.000  20  +0.0019  -0.0032  +0.0074  0.6579  1.0000  no   yes 
mnist        6  v10_vs_movement_only     0.25   0.030  20  +0.0002  -0.0044  +0.0049  0.9132  1.0000  no   yes 
mnist        6  v10_vs_movement_only     0.25   0.050  20  -0.0034  -0.0124  +0.0058  0.1977  1.0000  no   yes 
mnist        6  v10_vs_movement_only     0.25   0.100  20  -0.0142  -0.0364  +0.0030  0.3603  1.0000  no   no  
mnist        6  v10_vs_movement_only     0.40   0.000  20  +0.0138  +0.0057  +0.0224  0.0058  0.0695  no   yes 
mnist        6  v10_vs_movement_only     0.40   0.030  20  +0.0139  +0.0057  +0.0228  0.0076  0.0834  no   yes 
mnist        6  v10_vs_movement_only     0.40   0.050  20  +0.0111  +0.0018  +0.0208  0.1084  1.0000  no   yes 
mnist        6  v10_vs_movement_only     0.40   0.100  20  -0.0040  -0.0310  +0.0210  0.8107  1.0000  no   no  
mnist        6  regrow_effect            0.10   0.000  20  -0.0002  -0.0040  +0.0038  0.8081  1.0000  no   yes 
mnist        6  regrow_effect            0.10   0.030  20  -0.0001  -0.0029  +0.0033  0.4851  1.0000  no   yes 
mnist        6  regrow_effect            0.10   0.050  20  -0.0051  -0.0130  +0.0015  0.2571  1.0000  no   yes 
mnist        6  regrow_effect            0.10   0.100  20  -0.0171  -0.0423  +0.0045  0.1252  1.0000  no   no  
mnist        6  regrow_effect            0.25   0.000  20  -0.0016  -0.0079  +0.0041  0.9358  1.0000  no   yes 
mnist        6  regrow_effect            0.25   0.030  20  +0.0007  -0.0046  +0.0059  0.8721  1.0000  no   yes 
mnist        6  regrow_effect            0.25   0.050  20  +0.0020  -0.0056  +0.0105  0.8788  1.0000  no   yes 
mnist        6  regrow_effect            0.25   0.100  20  -0.0056  -0.0290  +0.0158  0.9839  1.0000  no   no  
mnist        6  regrow_effect            0.40   0.000  20  +0.0119  +0.0024  +0.0224  0.0275  0.3303  no   yes 
mnist        6  regrow_effect            0.40   0.030  20  +0.0102  +0.0013  +0.0198  0.0690  0.7587  no   yes 
mnist        6  regrow_effect            0.40   0.050  20  +0.0063  -0.0024  +0.0157  0.3442  1.0000  no   yes 
mnist        6  regrow_effect            0.40   0.100  20  -0.0206  -0.0448  +0.0017  0.2179  1.0000  no   no  
mnist        6  distill_effect           0.10   0.000  20  -0.0011  -0.0054  +0.0031  0.6787  1.0000  no   yes 
mnist        6  distill_effect           0.10   0.030  20  -0.0013  -0.0074  +0.0042  0.8812  1.0000  no   yes 
mnist        6  distill_effect           0.10   0.050  20  -0.0020  -0.0156  +0.0087  0.8665  1.0000  no   yes 
mnist        6  distill_effect           0.10   0.100  20  +0.0166  -0.0013  +0.0369  0.1929  1.0000  no   yes 
mnist        6  distill_effect           0.25   0.000  20  +0.0035  -0.0019  +0.0094  0.4780  1.0000  no   yes 
mnist        6  distill_effect           0.25   0.030  20  -0.0005  -0.0047  +0.0038  0.8226  1.0000  no   yes 
mnist        6  distill_effect           0.25   0.050  20  -0.0054  -0.0145  +0.0018  0.6699  1.0000  no   yes 
mnist        6  distill_effect           0.25   0.100  20  -0.0086  -0.0287  +0.0136  0.0558  0.6142  no   no  
mnist        6  distill_effect           0.40   0.000  20  +0.0019  -0.0013  +0.0054  0.5006  1.0000  no   yes 
mnist        6  distill_effect           0.40   0.030  20  +0.0038  +0.0002  +0.0074  0.0644  0.6435  no   yes 
mnist        6  distill_effect           0.40   0.050  20  +0.0048  -0.0002  +0.0092  0.0485  0.5824  no   yes 
mnist        6  distill_effect           0.40   0.100  20  +0.0166  -0.0032  +0.0423  0.1650  1.0000  no   yes 
mnist        6  quant_effect_in_pruned   0.10   0.000  20  +0.0009  -0.0016  +0.0038  0.7598  1.0000  no   yes 
mnist        6  quant_effect_in_pruned   0.10   0.030  20  +0.0004  -0.0019  +0.0027  0.6672  1.0000  no   yes 
mnist        6  quant_effect_in_pruned   0.10   0.050  20  +0.0023  -0.0015  +0.0065  0.4111  1.0000  no   yes 
mnist        6  quant_effect_in_pruned   0.10   0.100  20  +0.0059  -0.0018  +0.0160  0.2667  1.0000  no   yes 
mnist        6  quant_effect_in_pruned   0.25   0.000  20  -0.0010  -0.0045  +0.0024  0.7469  1.0000  no   yes 
mnist        6  quant_effect_in_pruned   0.25   0.030  20  -0.0034  -0.0062  -0.0005  0.0204  0.2453  no   yes 
mnist        6  quant_effect_in_pruned   0.25   0.050  20  -0.0031  -0.0087  +0.0019  0.4991  1.0000  no   yes 
mnist        6  quant_effect_in_pruned   0.25   0.100  20  +0.0003  -0.0096  +0.0102  0.9826  1.0000  no   yes 
mnist        6  quant_effect_in_pruned   0.40   0.000  20  -0.0006  -0.0033  +0.0017  0.7761  1.0000  no   yes 
mnist        6  quant_effect_in_pruned   0.40   0.030  20  +0.0016  -0.0016  +0.0046  0.2392  1.0000  no   yes 
mnist        6  quant_effect_in_pruned   0.40   0.050  20  +0.0029  -0.0025  +0.0083  0.3980  1.0000  no   yes 
mnist        6  quant_effect_in_pruned   0.40   0.100  20  +0.0123  -0.0094  +0.0350  0.2872  1.0000  no   yes 
mnist        6  protect_effect           0.10   0.000  20  +0.0012  -0.0014  +0.0034  0.4764  1.0000  no   yes 
mnist        6  protect_effect           0.10   0.030  20  +0.0001  -0.0017  +0.0018  0.7260  1.0000  no   yes 
mnist        6  protect_effect           0.10   0.050  20  +0.0043  -0.0036  +0.0157  0.9528  1.0000  no   yes 
mnist        6  protect_effect           0.10   0.100  20  +0.0027  -0.0071  +0.0136  0.6002  1.0000  no   yes 
mnist        6  protect_effect           0.25   0.000  20  +0.0010  -0.0044  +0.0062  0.4323  1.0000  no   yes 
mnist        6  protect_effect           0.25   0.030  20  +0.0026  -0.0034  +0.0092  0.5710  1.0000  no   yes 
mnist        6  protect_effect           0.25   0.050  20  +0.0003  -0.0105  +0.0119  0.8497  1.0000  no   yes 
mnist        6  protect_effect           0.25   0.100  20  -0.0131  -0.0505  +0.0174  0.0718  0.8621  no   no  
mnist        6  protect_effect           0.40   0.000  20  +0.0006  -0.0049  +0.0063  0.9679  1.0000  no   yes 
mnist        6  protect_effect           0.40   0.030  20  +0.0009  -0.0038  +0.0056  0.6787  1.0000  no   yes 
mnist        6  protect_effect           0.40   0.050  20  -0.0002  -0.0066  +0.0067  0.7088  1.0000  no   yes 
mnist        6  protect_effect           0.40   0.100  20  +0.0056  -0.0218  +0.0369  0.5868  1.0000  no   yes 

================================================================================================
PAIRED CONTRASTS on val_auc: diff = (arm - reference), positive = arm better.
CI = bootstrap 95%; p = Wilcoxon (two-sided), Holm-adjusted within each (dataset, qubits, contrast) family; NI = non-inferior (one-sided 95% lower bound > -0.02).
================================================================================================
dataset      q  contrast                 spars  noise  n   diff     ci_lo    ci_hi    p_raw   p_holm  sig  NI  
fashionmnist 4  quantization_cost        0.00   0.000  20  -0.0031  -0.0046  -0.0017  0.0002  0.0007  YES  yes 
fashionmnist 4  quantization_cost        0.00   0.030  20  -0.0004  -0.0030  +0.0023  0.5958  0.8609  no   yes 
fashionmnist 4  quantization_cost        0.00   0.050  20  +0.0026  -0.0025  +0.0085  0.4304  0.8609  no   yes 
fashionmnist 4  quantization_cost        0.00   0.100  20  +0.0059  -0.0026  +0.0148  0.2774  0.8321  no   yes 
fashionmnist 4  v10_vs_dense_fp          0.10   0.000  20  -0.0169  -0.0208  -0.0128  0.0000  0.0000  YES  no  
fashionmnist 4  v10_vs_dense_fp          0.10   0.030  20  -0.0004  -0.0108  +0.0119  0.3300  0.7365  no   yes 
fashionmnist 4  v10_vs_dense_fp          0.10   0.050  20  +0.0238  +0.0041  +0.0481  0.1140  0.5699  no   yes 
fashionmnist 4  v10_vs_dense_fp          0.10   0.100  20  +0.0658  +0.0334  +0.1024  0.0004  0.0032  YES  yes 
fashionmnist 4  v10_vs_dense_fp          0.25   0.000  20  -0.0270  -0.0337  -0.0208  0.0000  0.0000  YES  no  
fashionmnist 4  v10_vs_dense_fp          0.25   0.030  20  -0.0076  -0.0196  +0.0059  0.1140  0.5699  no   yes 
fashionmnist 4  v10_vs_dense_fp          0.25   0.050  20  +0.0202  +0.0003  +0.0435  0.2455  0.7365  no   yes 
fashionmnist 4  v10_vs_dense_fp          0.25   0.100  20  +0.0713  +0.0402  +0.1062  0.0002  0.0019  YES  yes 
fashionmnist 4  v10_vs_dense_fp          0.40   0.000  20  -0.0354  -0.0478  -0.0256  0.0000  0.0000  YES  no  
fashionmnist 4  v10_vs_dense_fp          0.40   0.030  20  -0.0151  -0.0302  -0.0004  0.0215  0.1289  no   no  
fashionmnist 4  v10_vs_dense_fp          0.40   0.050  20  +0.0138  -0.0086  +0.0395  0.4749  0.7365  no   yes 
fashionmnist 4  v10_vs_dense_fp          0.40   0.100  20  +0.0673  +0.0337  +0.1043  0.0037  0.0256  YES  yes 
fashionmnist 4  pruning_cost_given_qat   0.10   0.000  20  -0.0138  -0.0179  -0.0097  0.0000  0.0003  YES  yes 
fashionmnist 4  pruning_cost_given_qat   0.10   0.030  20  +0.0000  -0.0095  +0.0118  0.2611  0.7833  no   yes 
fashionmnist 4  pruning_cost_given_qat   0.10   0.050  20  +0.0213  +0.0030  +0.0441  0.0759  0.3793  no   yes 
fashionmnist 4  pruning_cost_given_qat   0.10   0.100  20  +0.0599  +0.0291  +0.0955  0.0004  0.0032  YES  yes 
fashionmnist 4  pruning_cost_given_qat   0.25   0.000  20  -0.0240  -0.0300  -0.0186  0.0000  0.0000  YES  no  
fashionmnist 4  pruning_cost_given_qat   0.25   0.030  20  -0.0072  -0.0183  +0.0053  0.0826  0.3793  no   yes 
fashionmnist 4  pruning_cost_given_qat   0.25   0.050  20  +0.0176  -0.0008  +0.0404  0.2943  0.7833  no   yes 
fashionmnist 4  pruning_cost_given_qat   0.25   0.100  20  +0.0654  +0.0340  +0.1004  0.0001  0.0012  YES  yes 
fashionmnist 4  pruning_cost_given_qat   0.40   0.000  20  -0.0323  -0.0434  -0.0234  0.0000  0.0000  YES  no  
fashionmnist 4  pruning_cost_given_qat   0.40   0.030  20  -0.0147  -0.0298  -0.0000  0.0266  0.1599  no   no  
fashionmnist 4  pruning_cost_given_qat   0.40   0.050  20  +0.0112  -0.0104  +0.0356  0.5706  0.7833  no   yes 
fashionmnist 4  pruning_cost_given_qat   0.40   0.100  20  +0.0615  +0.0287  +0.0975  0.0042  0.0295  YES  yes 
fashionmnist 4  v10_vs_random            0.10   0.000  20  -0.0067  -0.0102  -0.0032  0.0023  0.0256  YES  yes 
fashionmnist 4  v10_vs_random            0.10   0.030  20  -0.0041  -0.0093  +0.0015  0.0441  0.3524  no   yes 
fashionmnist 4  v10_vs_random            0.10   0.050  20  +0.0050  -0.0051  +0.0184  0.7562  1.0000  no   yes 
fashionmnist 4  v10_vs_random            0.10   0.100  20  +0.0295  +0.0052  +0.0584  0.1536  1.0000  no   yes 
fashionmnist 4  v10_vs_random            0.25   0.000  20  -0.0098  -0.0170  -0.0042  0.0020  0.0238  YES  yes 
fashionmnist 4  v10_vs_random            0.25   0.030  20  -0.0077  -0.0147  -0.0019  0.0153  0.1531  no   yes 
fashionmnist 4  v10_vs_random            0.25   0.050  20  -0.0037  -0.0097  +0.0018  0.3488  1.0000  no   yes 
fashionmnist 4  v10_vs_random            0.25   0.100  20  +0.0138  +0.0017  +0.0297  0.0362  0.3261  no   yes 
fashionmnist 4  v10_vs_random            0.40   0.000  20  -0.0018  -0.0122  +0.0067  0.8408  1.0000  no   yes 
fashionmnist 4  v10_vs_random            0.40   0.030  20  -0.0026  -0.0118  +0.0048  0.8408  1.0000  no   yes 
fashionmnist 4  v10_vs_random            0.40   0.050  20  -0.0027  -0.0119  +0.0041  0.6742  1.0000  no   yes 
fashionmnist 4  v10_vs_random            0.40   0.100  20  -0.0009  -0.0112  +0.0083  0.6215  1.0000  no   yes 
fashionmnist 4  v10_vs_magnitude         0.10   0.000  20  -0.0128  -0.0169  -0.0085  0.0000  0.0005  YES  yes 
fashionmnist 4  v10_vs_magnitude         0.10   0.030  20  -0.0045  -0.0131  +0.0057  0.0696  0.4871  no   yes 
fashionmnist 4  v10_vs_magnitude         0.10   0.050  20  +0.0116  -0.0040  +0.0344  0.8695  1.0000  no   yes 
fashionmnist 4  v10_vs_magnitude         0.10   0.100  20  +0.0421  +0.0138  +0.0774  0.0172  0.1546  no   yes 
fashionmnist 4  v10_vs_magnitude         0.25   0.000  20  -0.0155  -0.0202  -0.0112  0.0000  0.0000  YES  yes 
fashionmnist 4  v10_vs_magnitude         0.25   0.030  20  -0.0100  -0.0168  -0.0031  0.0010  0.0102  YES  yes 
fashionmnist 4  v10_vs_magnitude         0.25   0.050  20  +0.0021  -0.0119  +0.0199  0.2455  1.0000  no   yes 
fashionmnist 4  v10_vs_magnitude         0.25   0.100  20  +0.0303  +0.0064  +0.0616  0.0362  0.2899  no   yes 
fashionmnist 4  v10_vs_magnitude         0.40   0.000  20  +0.0125  -0.0081  +0.0370  0.8983  1.0000  no   yes 
fashionmnist 4  v10_vs_magnitude         0.40   0.030  20  +0.0146  -0.0067  +0.0425  0.8983  1.0000  no   yes 
fashionmnist 4  v10_vs_magnitude         0.40   0.050  20  +0.0168  -0.0051  +0.0441  0.6742  1.0000  no   yes 
fashionmnist 4  v10_vs_magnitude         0.40   0.100  20  +0.0210  -0.0024  +0.0492  0.4304  1.0000  no   yes 
fashionmnist 4  v10_vs_movement_only     0.10   0.000  20  -0.0021  -0.0050  +0.0007  0.2611  1.0000  no   yes 
fashionmnist 4  v10_vs_movement_only     0.10   0.030  20  -0.0006  -0.0054  +0.0039  0.9563  1.0000  no   yes 
fashionmnist 4  v10_vs_movement_only     0.10   0.050  20  +0.0040  -0.0058  +0.0151  0.6215  1.0000  no   yes 
fashionmnist 4  v10_vs_movement_only     0.10   0.100  20  +0.0104  -0.0082  +0.0345  0.8124  1.0000  no   yes 
fashionmnist 4  v10_vs_movement_only     0.25   0.000  20  -0.0019  -0.0104  +0.0083  0.2305  1.0000  no   yes 
fashionmnist 4  v10_vs_movement_only     0.25   0.030  20  +0.0018  -0.0070  +0.0130  0.7562  1.0000  no   yes 
fashionmnist 4  v10_vs_movement_only     0.25   0.050  20  +0.0051  -0.0034  +0.0162  0.3488  1.0000  no   yes 
fashionmnist 4  v10_vs_movement_only     0.25   0.100  20  +0.0117  +0.0024  +0.0233  0.0107  0.1283  no   yes 
fashionmnist 4  v10_vs_movement_only     0.40   0.000  20  +0.0132  +0.0010  +0.0289  0.0532  0.5849  no   yes 
fashionmnist 4  v10_vs_movement_only     0.40   0.030  20  +0.0133  +0.0012  +0.0282  0.1054  1.0000  no   yes 
fashionmnist 4  v10_vs_movement_only     0.40   0.050  20  +0.0139  +0.0017  +0.0293  0.1054  1.0000  no   yes 
fashionmnist 4  v10_vs_movement_only     0.40   0.100  20  +0.0144  +0.0008  +0.0305  0.1913  1.0000  no   yes 
fashionmnist 4  regrow_effect            0.10   0.000  20  -0.0005  -0.0043  +0.0031  0.8695  1.0000  no   yes 
fashionmnist 4  regrow_effect            0.10   0.030  20  -0.0004  -0.0027  +0.0019  0.8124  1.0000  no   yes 
fashionmnist 4  regrow_effect            0.10   0.050  20  -0.0016  -0.0062  +0.0032  0.4524  1.0000  no   yes 
fashionmnist 4  regrow_effect            0.10   0.100  20  -0.0046  -0.0147  +0.0048  0.5706  1.0000  no   yes 
fashionmnist 4  regrow_effect            0.25   0.000  20  +0.0004  -0.0082  +0.0109  0.8983  1.0000  no   yes 
fashionmnist 4  regrow_effect            0.25   0.030  20  +0.0036  -0.0048  +0.0149  0.5459  1.0000  no   yes 
fashionmnist 4  regrow_effect            0.25   0.050  20  +0.0061  -0.0025  +0.0175  0.2611  1.0000  no   yes 
fashionmnist 4  regrow_effect            0.25   0.100  20  +0.0074  -0.0035  +0.0203  0.3884  1.0000  no   yes 
fashionmnist 4  regrow_effect            0.40   0.000  20  +0.0029  -0.0150  +0.0206  0.5217  1.0000  no   yes 
fashionmnist 4  regrow_effect            0.40   0.030  20  +0.0027  -0.0137  +0.0194  0.6215  1.0000  no   yes 
fashionmnist 4  regrow_effect            0.40   0.050  20  +0.0026  -0.0139  +0.0185  0.9273  1.0000  no   yes 
fashionmnist 4  regrow_effect            0.40   0.100  20  +0.0023  -0.0141  +0.0188  0.8695  1.0000  no   yes 
fashionmnist 4  distill_effect           0.10   0.000  20  -0.0016  -0.0061  +0.0029  0.4524  1.0000  no   yes 
fashionmnist 4  distill_effect           0.10   0.030  20  -0.0002  -0.0052  +0.0042  0.8408  1.0000  no   yes 
fashionmnist 4  distill_effect           0.10   0.050  20  +0.0056  -0.0042  +0.0184  0.2611  1.0000  no   yes 
fashionmnist 4  distill_effect           0.10   0.100  20  +0.0150  -0.0041  +0.0426  0.2611  1.0000  no   yes 
fashionmnist 4  distill_effect           0.25   0.000  20  -0.0023  -0.0063  +0.0020  0.2943  1.0000  no   yes 
fashionmnist 4  distill_effect           0.25   0.030  20  -0.0019  -0.0054  +0.0017  0.3488  1.0000  no   yes 
fashionmnist 4  distill_effect           0.25   0.050  20  -0.0010  -0.0043  +0.0022  0.7012  1.0000  no   yes 
fashionmnist 4  distill_effect           0.25   0.100  20  +0.0043  -0.0017  +0.0113  0.4524  1.0000  no   yes 
fashionmnist 4  distill_effect           0.40   0.000  20  +0.0103  -0.0065  +0.0297  0.4980  1.0000  no   yes 
fashionmnist 4  distill_effect           0.40   0.030  20  +0.0106  -0.0051  +0.0296  0.3884  1.0000  no   yes 
fashionmnist 4  distill_effect           0.40   0.050  20  +0.0113  -0.0048  +0.0305  0.2774  1.0000  no   yes 
fashionmnist 4  distill_effect           0.40   0.100  20  +0.0121  -0.0043  +0.0299  0.3118  1.0000  no   yes 
fashionmnist 4  quant_effect_in_pruned   0.10   0.000  20  -0.0003  -0.0022  +0.0020  0.2611  1.0000  no   yes 
fashionmnist 4  quant_effect_in_pruned   0.10   0.030  20  -0.0002  -0.0026  +0.0024  0.5958  1.0000  no   yes 
fashionmnist 4  quant_effect_in_pruned   0.10   0.050  20  +0.0000  -0.0035  +0.0037  0.9854  1.0000  no   yes 
fashionmnist 4  quant_effect_in_pruned   0.10   0.100  20  -0.0002  -0.0095  +0.0081  0.6215  1.0000  no   yes 
fashionmnist 4  quant_effect_in_pruned   0.25   0.000  20  -0.0045  -0.0094  -0.0010  0.0056  0.0614  no   yes 
fashionmnist 4  quant_effect_in_pruned   0.25   0.030  20  -0.0044  -0.0088  -0.0012  0.0107  0.1069  no   yes 
fashionmnist 4  quant_effect_in_pruned   0.25   0.050  20  -0.0038  -0.0077  -0.0011  0.0037  0.0439  YES  yes 
fashionmnist 4  quant_effect_in_pruned   0.25   0.100  20  +0.0011  -0.0028  +0.0062  0.5958  1.0000  no   yes 
fashionmnist 4  quant_effect_in_pruned   0.40   0.000  20  -0.0007  -0.0125  +0.0103  0.7841  1.0000  no   yes 
fashionmnist 4  quant_effect_in_pruned   0.40   0.030  20  +0.0007  -0.0108  +0.0126  0.8695  1.0000  no   yes 
fashionmnist 4  quant_effect_in_pruned   0.40   0.050  20  +0.0014  -0.0097  +0.0139  0.7562  1.0000  no   yes 
fashionmnist 4  quant_effect_in_pruned   0.40   0.100  20  +0.0031  -0.0075  +0.0155  0.3884  1.0000  no   yes 
fashionmnist 4  protect_effect           0.10   0.000  20  -0.0002  -0.0027  +0.0027  0.4328  1.0000  no   yes 
fashionmnist 4  protect_effect           0.10   0.030  20  +0.0025  +0.0001  +0.0053  0.0597  0.7169  no   yes 
fashionmnist 4  protect_effect           0.10   0.050  20  +0.0041  -0.0004  +0.0084  0.0844  0.9282  no   yes 
fashionmnist 4  protect_effect           0.10   0.100  20  +0.0054  -0.0053  +0.0151  0.1823  1.0000  no   yes 
fashionmnist 4  protect_effect           0.25   0.000  20  -0.0022  -0.0083  +0.0050  0.1570  1.0000  no   yes 
fashionmnist 4  protect_effect           0.25   0.030  20  -0.0021  -0.0078  +0.0044  0.2668  1.0000  no   yes 
fashionmnist 4  protect_effect           0.25   0.050  20  -0.0016  -0.0073  +0.0047  0.4204  1.0000  no   yes 
fashionmnist 4  protect_effect           0.25   0.100  20  +0.0013  -0.0060  +0.0088  0.7771  1.0000  no   yes 
fashionmnist 4  protect_effect           0.40   0.000  20  +0.0042  -0.0118  +0.0220  0.7475  1.0000  no   yes 
fashionmnist 4  protect_effect           0.40   0.030  20  +0.0055  -0.0096  +0.0223  0.6874  1.0000  no   yes 
fashionmnist 4  protect_effect           0.40   0.050  20  +0.0064  -0.0082  +0.0234  0.6874  1.0000  no   yes 
fashionmnist 4  protect_effect           0.40   0.100  20  +0.0088  -0.0061  +0.0255  0.3760  1.0000  no   yes 
fashionmnist 6  quantization_cost        0.00   0.000  20  -0.0018  -0.0033  -0.0004  0.0696  0.2549  no   yes 
fashionmnist 6  quantization_cost        0.00   0.030  20  +0.0003  -0.0033  +0.0043  0.7562  0.7562  no   yes 
fashionmnist 6  quantization_cost        0.00   0.050  20  +0.0033  -0.0026  +0.0090  0.3300  0.6600  no   yes 
fashionmnist 6  quantization_cost        0.00   0.100  20  +0.0064  -0.0014  +0.0139  0.0637  0.2549  no   yes 
fashionmnist 6  v10_vs_dense_fp          0.10   0.000  20  -0.0273  -0.0360  -0.0194  0.0000  0.0000  YES  no  
fashionmnist 6  v10_vs_dense_fp          0.10   0.030  20  -0.0108  -0.0213  -0.0013  0.0637  0.2127  no   yes 
fashionmnist 6  v10_vs_dense_fp          0.10   0.050  20  +0.0177  +0.0045  +0.0325  0.0826  0.2127  no   yes 
fashionmnist 6  v10_vs_dense_fp          0.10   0.100  20  +0.0693  +0.0485  +0.0924  0.0000  0.0001  YES  yes 
fashionmnist 6  v10_vs_dense_fp          0.25   0.000  20  -0.0333  -0.0444  -0.0242  0.0000  0.0000  YES  no  
fashionmnist 6  v10_vs_dense_fp          0.25   0.030  20  -0.0131  -0.0252  -0.0020  0.0362  0.1812  no   no  
fashionmnist 6  v10_vs_dense_fp          0.25   0.050  20  +0.0185  +0.0041  +0.0342  0.0532  0.2127  no   yes 
fashionmnist 6  v10_vs_dense_fp          0.25   0.100  20  +0.0746  +0.0485  +0.1032  0.0000  0.0002  YES  yes 
fashionmnist 6  v10_vs_dense_fp          0.40   0.000  20  -0.0402  -0.0511  -0.0303  0.0000  0.0000  YES  no  
fashionmnist 6  v10_vs_dense_fp          0.40   0.030  20  -0.0184  -0.0305  -0.0061  0.0121  0.0725  no   no  
fashionmnist 6  v10_vs_dense_fp          0.40   0.050  20  +0.0141  -0.0007  +0.0300  0.1327  0.2127  no   yes 
fashionmnist 6  v10_vs_dense_fp          0.40   0.100  20  +0.0714  +0.0462  +0.0971  0.0000  0.0003  YES  yes 
fashionmnist 6  pruning_cost_given_qat   0.10   0.000  20  -0.0256  -0.0347  -0.0174  0.0000  0.0000  YES  no  
fashionmnist 6  pruning_cost_given_qat   0.10   0.030  20  -0.0111  -0.0200  -0.0031  0.0532  0.1600  no   yes 
fashionmnist 6  pruning_cost_given_qat   0.10   0.050  20  +0.0144  +0.0024  +0.0270  0.0400  0.1600  no   yes 
fashionmnist 6  pruning_cost_given_qat   0.10   0.100  20  +0.0628  +0.0423  +0.0844  0.0000  0.0001  YES  yes 
fashionmnist 6  pruning_cost_given_qat   0.25   0.000  20  -0.0315  -0.0425  -0.0226  0.0000  0.0000  YES  no  
fashionmnist 6  pruning_cost_given_qat   0.25   0.030  20  -0.0134  -0.0239  -0.0040  0.0266  0.1332  no   no  
fashionmnist 6  pruning_cost_given_qat   0.25   0.050  20  +0.0152  +0.0026  +0.0281  0.0441  0.1600  no   yes 
fashionmnist 6  pruning_cost_given_qat   0.25   0.100  20  +0.0681  +0.0446  +0.0945  0.0001  0.0007  YES  yes 
fashionmnist 6  pruning_cost_given_qat   0.40   0.000  20  -0.0385  -0.0492  -0.0283  0.0000  0.0000  YES  no  
fashionmnist 6  pruning_cost_given_qat   0.40   0.030  20  -0.0187  -0.0283  -0.0095  0.0017  0.0101  YES  no  
fashionmnist 6  pruning_cost_given_qat   0.40   0.050  20  +0.0107  -0.0008  +0.0229  0.1893  0.1893  no   yes 
fashionmnist 6  pruning_cost_given_qat   0.40   0.100  20  +0.0650  +0.0442  +0.0874  0.0000  0.0002  YES  yes 
fashionmnist 6  v10_vs_random            0.10   0.000  20  -0.0125  -0.0191  -0.0067  0.0001  0.0016  YES  yes 
fashionmnist 6  v10_vs_random            0.10   0.030  20  -0.0050  -0.0110  +0.0005  0.1140  1.0000  no   yes 
fashionmnist 6  v10_vs_random            0.10   0.050  20  +0.0051  -0.0033  +0.0140  0.4749  1.0000  no   yes 
fashionmnist 6  v10_vs_random            0.10   0.100  20  +0.0295  +0.0158  +0.0467  0.0003  0.0032  YES  yes 
fashionmnist 6  v10_vs_random            0.25   0.000  20  -0.0058  -0.0136  +0.0007  0.2024  1.0000  no   yes 
fashionmnist 6  v10_vs_random            0.25   0.030  20  -0.0034  -0.0103  +0.0022  0.3683  1.0000  no   yes 
fashionmnist 6  v10_vs_random            0.25   0.050  20  +0.0006  -0.0068  +0.0072  0.6477  1.0000  no   yes 
fashionmnist 6  v10_vs_random            0.25   0.100  20  +0.0153  +0.0018  +0.0303  0.0583  0.5826  no   yes 
fashionmnist 6  v10_vs_random            0.40   0.000  20  -0.0026  -0.0125  +0.0069  0.8983  1.0000  no   yes 
fashionmnist 6  v10_vs_random            0.40   0.030  20  -0.0033  -0.0127  +0.0060  0.6215  1.0000  no   yes 
fashionmnist 6  v10_vs_random            0.40   0.050  20  -0.0026  -0.0120  +0.0070  0.2774  1.0000  no   yes 
fashionmnist 6  v10_vs_random            0.40   0.100  20  +0.0033  -0.0080  +0.0154  0.7285  1.0000  no   yes 
fashionmnist 6  v10_vs_magnitude         0.10   0.000  20  -0.0199  -0.0267  -0.0135  0.0000  0.0001  YES  no  
fashionmnist 6  v10_vs_magnitude         0.10   0.030  20  -0.0070  -0.0146  +0.0016  0.0215  0.1719  no   yes 
fashionmnist 6  v10_vs_magnitude         0.10   0.050  20  +0.0151  +0.0006  +0.0346  0.2305  1.0000  no   yes 
fashionmnist 6  v10_vs_magnitude         0.10   0.100  20  +0.0542  +0.0281  +0.0854  0.0001  0.0007  YES  yes 
fashionmnist 6  v10_vs_magnitude         0.25   0.000  20  -0.0157  -0.0250  -0.0072  0.0027  0.0271  YES  no  
fashionmnist 6  v10_vs_magnitude         0.25   0.030  20  -0.0085  -0.0169  +0.0001  0.0637  0.3823  no   yes 
fashionmnist 6  v10_vs_magnitude         0.25   0.050  20  +0.0020  -0.0077  +0.0119  0.8983  1.0000  no   yes 
fashionmnist 6  v10_vs_magnitude         0.25   0.100  20  +0.0287  +0.0132  +0.0451  0.0064  0.0575  no   yes 
fashionmnist 6  v10_vs_magnitude         0.40   0.000  20  +0.0003  -0.0102  +0.0132  0.6215  1.0000  no   yes 
fashionmnist 6  v10_vs_magnitude         0.40   0.030  20  +0.0037  -0.0075  +0.0170  0.9854  1.0000  no   yes 
fashionmnist 6  v10_vs_magnitude         0.40   0.050  20  +0.0071  -0.0042  +0.0207  0.8124  1.0000  no   yes 
fashionmnist 6  v10_vs_magnitude         0.40   0.100  20  +0.0160  +0.0046  +0.0293  0.0532  0.3722  no   yes 
fashionmnist 6  v10_vs_movement_only     0.10   0.000  20  -0.0075  -0.0165  +0.0015  0.1054  0.3162  no   yes 
fashionmnist 6  v10_vs_movement_only     0.10   0.030  20  -0.0004  -0.0091  +0.0091  0.8124  1.0000  no   yes 
fashionmnist 6  v10_vs_movement_only     0.10   0.050  20  +0.0056  -0.0040  +0.0170  0.5459  1.0000  no   yes 
fashionmnist 6  v10_vs_movement_only     0.10   0.100  20  +0.0129  +0.0006  +0.0258  0.0696  0.2783  no   yes 
fashionmnist 6  v10_vs_movement_only     0.25   0.000  20  +0.0244  +0.0064  +0.0436  0.0136  0.0817  no   yes 
fashionmnist 6  v10_vs_movement_only     0.25   0.030  20  +0.0299  +0.0118  +0.0510  0.0056  0.0446  YES  yes 
fashionmnist 6  v10_vs_movement_only     0.25   0.050  20  +0.0331  +0.0135  +0.0567  0.0012  0.0145  YES  yes 
fashionmnist 6  v10_vs_movement_only     0.25   0.100  20  +0.0365  +0.0121  +0.0681  0.0049  0.0437  YES  yes 
fashionmnist 6  v10_vs_movement_only     0.40   0.000  20  +0.0382  +0.0166  +0.0641  0.0012  0.0145  YES  yes 
fashionmnist 6  v10_vs_movement_only     0.40   0.030  20  +0.0376  +0.0164  +0.0619  0.0037  0.0365  YES  yes 
fashionmnist 6  v10_vs_movement_only     0.40   0.050  20  +0.0369  +0.0146  +0.0616  0.0056  0.0446  YES  yes 
fashionmnist 6  v10_vs_movement_only     0.40   0.100  20  +0.0338  +0.0099  +0.0607  0.0362  0.1812  no   yes 
fashionmnist 6  regrow_effect            0.10   0.000  20  -0.0029  -0.0100  +0.0043  0.2774  1.0000  no   yes 
fashionmnist 6  regrow_effect            0.10   0.030  20  +0.0014  -0.0053  +0.0102  0.4524  1.0000  no   yes 
fashionmnist 6  regrow_effect            0.10   0.050  20  +0.0042  -0.0031  +0.0143  0.7285  1.0000  no   yes 
fashionmnist 6  regrow_effect            0.10   0.100  20  +0.0042  -0.0103  +0.0197  0.4749  1.0000  no   yes 
fashionmnist 6  regrow_effect            0.25   0.000  20  +0.0268  +0.0112  +0.0438  0.0042  0.0422  YES  yes 
fashionmnist 6  regrow_effect            0.25   0.030  20  +0.0306  +0.0140  +0.0502  0.0005  0.0058  YES  yes 
fashionmnist 6  regrow_effect            0.25   0.050  20  +0.0323  +0.0141  +0.0544  0.0010  0.0112  YES  yes 
fashionmnist 6  regrow_effect            0.25   0.100  20  +0.0335  +0.0094  +0.0649  0.0484  0.2906  no   yes 
fashionmnist 6  regrow_effect            0.40   0.000  20  +0.0325  +0.0101  +0.0597  0.0696  0.3479  no   yes 
fashionmnist 6  regrow_effect            0.40   0.030  20  +0.0348  +0.0133  +0.0608  0.0094  0.0849  no   yes 
fashionmnist 6  regrow_effect            0.40   0.050  20  +0.0358  +0.0132  +0.0611  0.0094  0.0849  no   yes 
fashionmnist 6  regrow_effect            0.40   0.100  20  +0.0333  +0.0077  +0.0616  0.0263  0.1842  no   yes 
fashionmnist 6  distill_effect           0.10   0.000  20  -0.0046  -0.0111  +0.0007  0.2774  1.0000  no   yes 
fashionmnist 6  distill_effect           0.10   0.030  20  -0.0018  -0.0074  +0.0037  0.9273  1.0000  no   yes 
fashionmnist 6  distill_effect           0.10   0.050  20  +0.0014  -0.0065  +0.0102  1.0000  1.0000  no   yes 
fashionmnist 6  distill_effect           0.10   0.100  20  +0.0087  -0.0060  +0.0252  0.4304  1.0000  no   yes 
fashionmnist 6  distill_effect           0.25   0.000  20  -0.0024  -0.0088  +0.0031  0.6742  1.0000  no   yes 
fashionmnist 6  distill_effect           0.25   0.030  20  -0.0007  -0.0053  +0.0036  0.9854  1.0000  no   yes 
fashionmnist 6  distill_effect           0.25   0.050  20  +0.0008  -0.0035  +0.0050  0.8695  1.0000  no   yes 
fashionmnist 6  distill_effect           0.25   0.100  20  +0.0030  -0.0023  +0.0083  0.3300  1.0000  no   yes 
fashionmnist 6  distill_effect           0.40   0.000  20  +0.0057  -0.0001  +0.0115  0.0696  0.8350  no   yes 
fashionmnist 6  distill_effect           0.40   0.030  20  +0.0029  -0.0021  +0.0080  0.3683  1.0000  no   yes 
fashionmnist 6  distill_effect           0.40   0.050  20  +0.0011  -0.0032  +0.0061  1.0000  1.0000  no   yes 
fashionmnist 6  distill_effect           0.40   0.100  20  +0.0005  -0.0058  +0.0081  0.4091  1.0000  no   yes 
fashionmnist 6  quant_effect_in_pruned   0.10   0.000  20  -0.0000  -0.0044  +0.0043  0.9273  1.0000  no   yes 
fashionmnist 6  quant_effect_in_pruned   0.10   0.030  20  +0.0003  -0.0022  +0.0027  0.7841  1.0000  no   yes 
fashionmnist 6  quant_effect_in_pruned   0.10   0.050  20  +0.0001  -0.0025  +0.0025  0.7285  1.0000  no   yes 
fashionmnist 6  quant_effect_in_pruned   0.10   0.100  20  -0.0007  -0.0073  +0.0060  0.7012  1.0000  no   yes 
fashionmnist 6  quant_effect_in_pruned   0.25   0.000  20  +0.0020  -0.0062  +0.0127  0.8124  1.0000  no   yes 
fashionmnist 6  quant_effect_in_pruned   0.25   0.030  20  +0.0048  -0.0026  +0.0151  0.2611  1.0000  no   yes 
fashionmnist 6  quant_effect_in_pruned   0.25   0.050  20  +0.0058  -0.0013  +0.0155  0.0532  0.5849  no   yes 
fashionmnist 6  quant_effect_in_pruned   0.25   0.100  20  +0.0053  -0.0015  +0.0136  0.1650  1.0000  no   yes 
fashionmnist 6  quant_effect_in_pruned   0.40   0.000  20  -0.0022  -0.0082  +0.0028  0.8983  1.0000  no   yes 
fashionmnist 6  quant_effect_in_pruned   0.40   0.030  20  -0.0034  -0.0083  +0.0009  0.4749  1.0000  no   yes 
fashionmnist 6  quant_effect_in_pruned   0.40   0.050  20  -0.0047  -0.0095  -0.0006  0.1769  1.0000  no   yes 
fashionmnist 6  quant_effect_in_pruned   0.40   0.100  20  -0.0067  -0.0124  -0.0016  0.0484  0.5813  no   yes 
fashionmnist 6  protect_effect           0.10   0.000  20  -0.0022  -0.0082  +0.0034  0.3967  1.0000  no   yes 
fashionmnist 6  protect_effect           0.10   0.030  20  -0.0036  -0.0083  +0.0004  0.1981  1.0000  no   yes 
fashionmnist 6  protect_effect           0.10   0.050  20  -0.0036  -0.0086  +0.0004  0.1981  1.0000  no   yes 
fashionmnist 6  protect_effect           0.10   0.100  20  +0.0005  -0.0112  +0.0140  0.9250  1.0000  no   yes 
fashionmnist 6  protect_effect           0.25   0.000  20  +0.0022  -0.0042  +0.0079  0.2943  1.0000  no   yes 
fashionmnist 6  protect_effect           0.25   0.030  20  +0.0022  -0.0019  +0.0060  0.2455  1.0000  no   yes 
fashionmnist 6  protect_effect           0.25   0.050  20  +0.0014  -0.0028  +0.0054  0.4091  1.0000  no   yes 
fashionmnist 6  protect_effect           0.25   0.100  20  -0.0004  -0.0059  +0.0049  0.9563  1.0000  no   yes 
fashionmnist 6  protect_effect           0.40   0.000  20  +0.0123  +0.0021  +0.0265  0.0100  0.1201  no   yes 
fashionmnist 6  protect_effect           0.40   0.030  20  +0.0091  +0.0005  +0.0227  0.0586  0.6443  no   yes 
fashionmnist 6  protect_effect           0.40   0.050  20  +0.0062  -0.0021  +0.0200  0.3981  1.0000  no   yes 
fashionmnist 6  protect_effect           0.40   0.100  20  +0.0004  -0.0083  +0.0134  0.1590  1.0000  no   yes 
mnist        4  quantization_cost        0.00   0.000  20  -0.0015  -0.0024  -0.0007  0.0027  0.0108  YES  yes 
mnist        4  quantization_cost        0.00   0.030  20  -0.0009  -0.0017  -0.0001  0.0441  0.1322  no   yes 
mnist        4  quantization_cost        0.00   0.050  20  -0.0007  -0.0020  +0.0006  0.4749  0.7768  no   yes 
mnist        4  quantization_cost        0.00   0.100  20  +0.0001  -0.0019  +0.0021  0.3884  0.7768  no   yes 
mnist        4  v10_vs_dense_fp          0.10   0.000  20  -0.0074  -0.0097  -0.0052  0.0000  0.0001  YES  yes 
mnist        4  v10_vs_dense_fp          0.10   0.030  20  -0.0001  -0.0024  +0.0029  0.3118  0.6236  no   yes 
mnist        4  v10_vs_dense_fp          0.10   0.050  20  +0.0059  +0.0019  +0.0110  0.0215  0.1289  no   yes 
mnist        4  v10_vs_dense_fp          0.10   0.100  20  +0.0153  +0.0085  +0.0233  0.0001  0.0012  YES  yes 
mnist        4  v10_vs_dense_fp          0.25   0.000  20  -0.0125  -0.0166  -0.0089  0.0000  0.0000  YES  yes 
mnist        4  v10_vs_dense_fp          0.25   0.030  20  -0.0027  -0.0061  +0.0007  0.1429  0.5716  no   yes 
mnist        4  v10_vs_dense_fp          0.25   0.050  20  +0.0055  -0.0001  +0.0114  0.1650  0.5716  no   yes 
mnist        4  v10_vs_dense_fp          0.25   0.100  20  +0.0192  +0.0106  +0.0294  0.0004  0.0032  YES  yes 
mnist        4  v10_vs_dense_fp          0.40   0.000  20  -0.0165  -0.0220  -0.0113  0.0000  0.0002  YES  no  
mnist        4  v10_vs_dense_fp          0.40   0.030  20  -0.0062  -0.0109  -0.0017  0.0215  0.1289  no   yes 
mnist        4  v10_vs_dense_fp          0.40   0.050  20  +0.0028  -0.0037  +0.0094  0.4091  0.6236  no   yes 
mnist        4  v10_vs_dense_fp          0.40   0.100  20  +0.0186  +0.0090  +0.0288  0.0009  0.0060  YES  yes 
mnist        4  pruning_cost_given_qat   0.10   0.000  20  -0.0059  -0.0082  -0.0037  0.0006  0.0047  YES  yes 
mnist        4  pruning_cost_given_qat   0.10   0.030  20  +0.0008  -0.0015  +0.0039  0.9273  0.9273  no   yes 
mnist        4  pruning_cost_given_qat   0.10   0.050  20  +0.0065  +0.0023  +0.0117  0.0094  0.0566  no   yes 
mnist        4  pruning_cost_given_qat   0.10   0.100  20  +0.0151  +0.0084  +0.0228  0.0002  0.0017  YES  yes 
mnist        4  pruning_cost_given_qat   0.25   0.000  20  -0.0110  -0.0151  -0.0074  0.0000  0.0000  YES  yes 
mnist        4  pruning_cost_given_qat   0.25   0.030  20  -0.0019  -0.0050  +0.0014  0.2455  0.7365  no   yes 
mnist        4  pruning_cost_given_qat   0.25   0.050  20  +0.0062  +0.0008  +0.0123  0.1231  0.4924  no   yes 
mnist        4  pruning_cost_given_qat   0.25   0.100  20  +0.0190  +0.0101  +0.0289  0.0002  0.0017  YES  yes 
mnist        4  pruning_cost_given_qat   0.40   0.000  20  -0.0150  -0.0209  -0.0098  0.0000  0.0002  YES  yes 
mnist        4  pruning_cost_given_qat   0.40   0.030  20  -0.0053  -0.0104  -0.0008  0.0759  0.3793  no   yes 
mnist        4  pruning_cost_given_qat   0.40   0.050  20  +0.0035  -0.0035  +0.0102  0.4304  0.8609  no   yes 
mnist        4  pruning_cost_given_qat   0.40   0.100  20  +0.0184  +0.0087  +0.0283  0.0017  0.0118  YES  yes 
mnist        4  v10_vs_random            0.10   0.000  20  -0.0018  -0.0031  -0.0006  0.0192  0.2308  no   yes 
mnist        4  v10_vs_random            0.10   0.030  20  -0.0002  -0.0017  +0.0013  0.8695  1.0000  no   yes 
mnist        4  v10_vs_random            0.10   0.050  20  +0.0016  -0.0012  +0.0046  0.5217  1.0000  no   yes 
mnist        4  v10_vs_random            0.10   0.100  20  +0.0051  -0.0011  +0.0130  0.4524  1.0000  no   yes 
mnist        4  v10_vs_random            0.25   0.000  20  -0.0014  -0.0038  +0.0010  0.3118  1.0000  no   yes 
mnist        4  v10_vs_random            0.25   0.030  20  -0.0009  -0.0031  +0.0016  0.3300  1.0000  no   yes 
mnist        4  v10_vs_random            0.25   0.050  20  +0.0003  -0.0030  +0.0039  0.6742  1.0000  no   yes 
mnist        4  v10_vs_random            0.25   0.100  20  +0.0057  -0.0020  +0.0163  0.8124  1.0000  no   yes 
mnist        4  v10_vs_random            0.40   0.000  20  -0.0031  -0.0081  +0.0015  0.1893  1.0000  no   yes 
mnist        4  v10_vs_random            0.40   0.030  20  -0.0030  -0.0084  +0.0028  0.1429  1.0000  no   yes 
mnist        4  v10_vs_random            0.40   0.050  20  -0.0024  -0.0086  +0.0054  0.1231  1.0000  no   yes 
mnist        4  v10_vs_random            0.40   0.100  20  +0.0002  -0.0081  +0.0123  0.0637  0.7009  no   yes 
mnist        4  v10_vs_magnitude         0.10   0.000  20  -0.0058  -0.0081  -0.0034  0.0003  0.0031  YES  yes 
mnist        4  v10_vs_magnitude         0.10   0.030  20  +0.0005  -0.0023  +0.0036  1.0000  1.0000  no   yes 
mnist        4  v10_vs_magnitude         0.10   0.050  20  +0.0054  +0.0012  +0.0105  0.0400  0.2899  no   yes 
mnist        4  v10_vs_magnitude         0.10   0.100  20  +0.0131  +0.0063  +0.0201  0.0010  0.0102  YES  yes 
mnist        4  v10_vs_magnitude         0.25   0.000  20  -0.0076  -0.0112  -0.0043  0.0004  0.0043  YES  yes 
mnist        4  v10_vs_magnitude         0.25   0.030  20  -0.0010  -0.0039  +0.0020  0.5217  1.0000  no   yes 
mnist        4  v10_vs_magnitude         0.25   0.050  20  +0.0046  -0.0004  +0.0097  0.1429  0.7386  no   yes 
mnist        4  v10_vs_magnitude         0.25   0.100  20  +0.0142  +0.0059  +0.0234  0.0107  0.0962  no   yes 
mnist        4  v10_vs_magnitude         0.40   0.000  20  -0.0060  -0.0112  -0.0010  0.0362  0.2899  no   yes 
mnist        4  v10_vs_magnitude         0.40   0.030  20  -0.0037  -0.0086  +0.0008  0.1231  0.7386  no   yes 
mnist        4  v10_vs_magnitude         0.40   0.050  20  -0.0017  -0.0063  +0.0028  0.5958  1.0000  no   yes 
mnist        4  v10_vs_magnitude         0.40   0.100  20  +0.0031  -0.0020  +0.0083  0.1650  0.7386  no   yes 
mnist        4  v10_vs_movement_only     0.10   0.000  20  -0.0005  -0.0028  +0.0028  0.0266  0.3197  no   yes 
mnist        4  v10_vs_movement_only     0.10   0.030  20  +0.0023  -0.0013  +0.0073  0.9273  1.0000  no   yes 
mnist        4  v10_vs_movement_only     0.10   0.050  20  +0.0055  -0.0007  +0.0135  0.3300  1.0000  no   yes 
mnist        4  v10_vs_movement_only     0.10   0.100  20  +0.0125  -0.0002  +0.0308  0.2162  1.0000  no   yes 
mnist        4  v10_vs_movement_only     0.25   0.000  20  +0.0026  -0.0021  +0.0093  0.7012  1.0000  no   yes 
mnist        4  v10_vs_movement_only     0.25   0.030  20  +0.0030  -0.0016  +0.0096  0.5958  1.0000  no   yes 
mnist        4  v10_vs_movement_only     0.25   0.050  20  +0.0034  -0.0018  +0.0114  0.9854  1.0000  no   yes 
mnist        4  v10_vs_movement_only     0.25   0.100  20  +0.0037  -0.0027  +0.0121  0.8408  1.0000  no   yes 
mnist        4  v10_vs_movement_only     0.40   0.000  20  +0.0030  -0.0047  +0.0123  0.7841  1.0000  no   yes 
mnist        4  v10_vs_movement_only     0.40   0.030  20  +0.0029  -0.0046  +0.0121  0.7285  1.0000  no   yes 
mnist        4  v10_vs_movement_only     0.40   0.050  20  +0.0031  -0.0042  +0.0124  0.8408  1.0000  no   yes 
mnist        4  v10_vs_movement_only     0.40   0.100  20  +0.0040  -0.0039  +0.0130  0.8960  1.0000  no   yes 
mnist        4  regrow_effect            0.10   0.000  20  -0.0004  -0.0028  +0.0024  0.5217  1.0000  no   yes 
mnist        4  regrow_effect            0.10   0.030  20  +0.0025  -0.0008  +0.0069  0.3300  1.0000  no   yes 
mnist        4  regrow_effect            0.10   0.050  20  +0.0051  -0.0010  +0.0130  0.3488  1.0000  no   yes 
mnist        4  regrow_effect            0.10   0.100  20  +0.0110  -0.0017  +0.0286  0.4524  1.0000  no   yes 
mnist        4  regrow_effect            0.25   0.000  20  +0.0047  -0.0004  +0.0120  0.1429  1.0000  no   yes 
mnist        4  regrow_effect            0.25   0.030  20  +0.0047  +0.0002  +0.0117  0.0826  0.8255  no   yes 
mnist        4  regrow_effect            0.25   0.050  20  +0.0050  +0.0004  +0.0124  0.0192  0.2308  no   yes 
mnist        4  regrow_effect            0.25   0.100  20  +0.0049  +0.0001  +0.0121  0.0441  0.4846  no   yes 
mnist        4  regrow_effect            0.40   0.000  20  +0.0016  -0.0069  +0.0106  0.9563  1.0000  no   yes 
mnist        4  regrow_effect            0.40   0.030  20  +0.0012  -0.0075  +0.0107  0.8124  1.0000  no   yes 
mnist        4  regrow_effect            0.40   0.050  20  +0.0010  -0.0080  +0.0100  0.8124  1.0000  no   yes 
mnist        4  regrow_effect            0.40   0.100  20  +0.0006  -0.0090  +0.0107  0.8695  1.0000  no   yes 
mnist        4  distill_effect           0.10   0.000  20  -0.0002  -0.0020  +0.0019  0.4781  1.0000  no   yes 
mnist        4  distill_effect           0.10   0.030  20  -0.0002  -0.0018  +0.0016  0.5459  1.0000  no   yes 
mnist        4  distill_effect           0.10   0.050  20  +0.0004  -0.0017  +0.0025  0.5706  1.0000  no   yes 
mnist        4  distill_effect           0.10   0.100  20  +0.0015  -0.0021  +0.0048  0.2611  1.0000  no   yes 
mnist        4  distill_effect           0.25   0.000  20  -0.0021  -0.0034  -0.0008  0.0049  0.0583  no   yes 
mnist        4  distill_effect           0.25   0.030  20  -0.0018  -0.0033  -0.0002  0.0532  0.5849  no   yes 
mnist        4  distill_effect           0.25   0.050  20  -0.0016  -0.0037  +0.0004  0.2471  1.0000  no   yes 
mnist        4  distill_effect           0.25   0.100  20  -0.0012  -0.0046  +0.0019  0.5958  1.0000  no   yes 
mnist        4  distill_effect           0.40   0.000  20  +0.0014  -0.0042  +0.0071  0.5461  1.0000  no   yes 
mnist        4  distill_effect           0.40   0.030  20  +0.0017  -0.0036  +0.0074  0.4749  1.0000  no   yes 
mnist        4  distill_effect           0.40   0.050  20  +0.0021  -0.0034  +0.0080  0.4304  1.0000  no   yes 
mnist        4  distill_effect           0.40   0.100  20  +0.0034  -0.0026  +0.0100  0.4091  1.0000  no   yes 
mnist        4  quant_effect_in_pruned   0.10   0.000  20  -0.0005  -0.0013  +0.0005  0.0637  0.7647  no   yes 
mnist        4  quant_effect_in_pruned   0.10   0.030  20  -0.0004  -0.0013  +0.0005  0.0897  0.9081  no   yes 
mnist        4  quant_effect_in_pruned   0.10   0.050  20  -0.0006  -0.0014  +0.0003  0.0826  0.9081  no   yes 
mnist        4  quant_effect_in_pruned   0.10   0.100  20  -0.0005  -0.0013  +0.0005  0.0973  0.9081  no   yes 
mnist        4  quant_effect_in_pruned   0.25   0.000  20  -0.0004  -0.0024  +0.0016  0.2611  1.0000  no   yes 
mnist        4  quant_effect_in_pruned   0.25   0.030  20  -0.0005  -0.0024  +0.0016  0.1769  1.0000  no   yes 
mnist        4  quant_effect_in_pruned   0.25   0.050  20  -0.0002  -0.0024  +0.0019  0.4209  1.0000  no   yes 
mnist        4  quant_effect_in_pruned   0.25   0.100  20  +0.0007  -0.0018  +0.0032  0.9273  1.0000  no   yes 
mnist        4  quant_effect_in_pruned   0.40   0.000  20  -0.0006  -0.0047  +0.0039  0.4749  1.0000  no   yes 
mnist        4  quant_effect_in_pruned   0.40   0.030  20  -0.0008  -0.0049  +0.0034  0.4749  1.0000  no   yes 
mnist        4  quant_effect_in_pruned   0.40   0.050  20  -0.0008  -0.0047  +0.0036  0.4897  1.0000  no   yes 
mnist        4  quant_effect_in_pruned   0.40   0.100  20  +0.0001  -0.0043  +0.0049  0.6215  1.0000  no   yes 
mnist        4  protect_effect           0.10   0.000  20  -0.0000  -0.0007  +0.0006  1.0000  1.0000  no   yes 
mnist        4  protect_effect           0.10   0.030  20  -0.0001  -0.0010  +0.0006  0.7794  1.0000  no   yes 
mnist        4  protect_effect           0.10   0.050  20  -0.0000  -0.0013  +0.0013  0.8886  1.0000  no   yes 
mnist        4  protect_effect           0.10   0.100  20  +0.0004  -0.0020  +0.0035  1.0000  1.0000  no   yes 
mnist        4  protect_effect           0.25   0.000  20  +0.0003  -0.0017  +0.0025  0.6874  1.0000  no   yes 
mnist        4  protect_effect           0.25   0.030  20  +0.0000  -0.0023  +0.0025  0.7583  1.0000  no   yes 
mnist        4  protect_effect           0.25   0.050  20  -0.0002  -0.0031  +0.0027  0.9058  1.0000  no   yes 
mnist        4  protect_effect           0.25   0.100  20  -0.0008  -0.0051  +0.0033  0.8313  1.0000  no   yes 
mnist        4  protect_effect           0.40   0.000  20  +0.0011  -0.0034  +0.0049  0.1359  1.0000  no   yes 
mnist        4  protect_effect           0.40   0.030  20  +0.0019  -0.0028  +0.0065  0.1773  1.0000  no   yes 
mnist        4  protect_effect           0.40   0.050  20  +0.0026  -0.0028  +0.0081  0.3318  1.0000  no   yes 
mnist        4  protect_effect           0.40   0.100  20  +0.0043  -0.0020  +0.0111  0.4631  1.0000  no   yes 
mnist        6  quantization_cost        0.00   0.000  20  -0.0017  -0.0027  -0.0007  0.0042  0.0169  YES  yes 
mnist        6  quantization_cost        0.00   0.030  20  -0.0014  -0.0021  -0.0005  0.0064  0.0192  YES  yes 
mnist        6  quantization_cost        0.00   0.050  20  +0.0001  -0.0010  +0.0012  0.9273  0.9273  no   yes 
mnist        6  quantization_cost        0.00   0.100  20  +0.0010  -0.0005  +0.0027  0.4091  0.8182  no   yes 
mnist        6  v10_vs_dense_fp          0.10   0.000  20  -0.0129  -0.0189  -0.0073  0.0001  0.0007  YES  yes 
mnist        6  v10_vs_dense_fp          0.10   0.030  20  -0.0013  -0.0058  +0.0036  0.4749  0.6236  no   yes 
mnist        6  v10_vs_dense_fp          0.10   0.050  20  +0.0096  +0.0040  +0.0162  0.0056  0.0223  YES  yes 
mnist        6  v10_vs_dense_fp          0.10   0.100  20  +0.0231  +0.0147  +0.0328  0.0000  0.0002  YES  yes 
mnist        6  v10_vs_dense_fp          0.25   0.000  20  -0.0172  -0.0237  -0.0115  0.0000  0.0001  YES  no  
mnist        6  v10_vs_dense_fp          0.25   0.030  20  -0.0031  -0.0062  -0.0003  0.0759  0.2276  no   yes 
mnist        6  v10_vs_dense_fp          0.25   0.050  20  +0.0096  +0.0055  +0.0134  0.0007  0.0042  YES  yes 
mnist        6  v10_vs_dense_fp          0.25   0.100  20  +0.0262  +0.0190  +0.0336  0.0000  0.0000  YES  yes 
mnist        6  v10_vs_dense_fp          0.40   0.000  20  -0.0186  -0.0255  -0.0122  0.0000  0.0001  YES  no  
mnist        6  v10_vs_dense_fp          0.40   0.030  20  -0.0024  -0.0067  +0.0017  0.3118  0.6236  no   yes 
mnist        6  v10_vs_dense_fp          0.40   0.050  20  +0.0118  +0.0058  +0.0183  0.0009  0.0043  YES  yes 
mnist        6  v10_vs_dense_fp          0.40   0.100  20  +0.0308  +0.0213  +0.0421  0.0000  0.0000  YES  yes 
mnist        6  pruning_cost_given_qat   0.10   0.000  20  -0.0112  -0.0170  -0.0057  0.0010  0.0051  YES  yes 
mnist        6  pruning_cost_given_qat   0.10   0.030  20  +0.0001  -0.0045  +0.0049  0.8983  1.0000  no   yes 
mnist        6  pruning_cost_given_qat   0.10   0.050  20  +0.0095  +0.0043  +0.0155  0.0027  0.0108  YES  yes 
mnist        6  pruning_cost_given_qat   0.10   0.100  20  +0.0221  +0.0149  +0.0302  0.0000  0.0001  YES  yes 
mnist        6  pruning_cost_given_qat   0.25   0.000  20  -0.0155  -0.0219  -0.0100  0.0000  0.0002  YES  no  
mnist        6  pruning_cost_given_qat   0.25   0.030  20  -0.0018  -0.0051  +0.0010  0.4524  1.0000  no   yes 
mnist        6  pruning_cost_given_qat   0.25   0.050  20  +0.0095  +0.0058  +0.0131  0.0003  0.0018  YES  yes 
mnist        6  pruning_cost_given_qat   0.25   0.100  20  +0.0252  +0.0190  +0.0316  0.0000  0.0000  YES  yes 
mnist        6  pruning_cost_given_qat   0.40   0.000  20  -0.0169  -0.0237  -0.0107  0.0000  0.0002  YES  no  
mnist        6  pruning_cost_given_qat   0.40   0.030  20  -0.0010  -0.0055  +0.0031  0.7841  1.0000  no   yes 
mnist        6  pruning_cost_given_qat   0.40   0.050  20  +0.0117  +0.0060  +0.0178  0.0007  0.0042  YES  yes 
mnist        6  pruning_cost_given_qat   0.40   0.100  20  +0.0298  +0.0216  +0.0395  0.0000  0.0000  YES  yes 
mnist        6  v10_vs_random            0.10   0.000  20  -0.0030  -0.0064  -0.0000  0.1536  1.0000  no   yes 
mnist        6  v10_vs_random            0.10   0.030  20  -0.0017  -0.0056  +0.0018  0.4524  1.0000  no   yes 
mnist        6  v10_vs_random            0.10   0.050  20  +0.0009  -0.0045  +0.0068  0.8408  1.0000  no   yes 
mnist        6  v10_vs_random            0.10   0.100  20  +0.0069  -0.0015  +0.0171  0.3884  1.0000  no   yes 
mnist        6  v10_vs_random            0.25   0.000  20  -0.0047  -0.0080  -0.0020  0.0049  0.0535  no   yes 
mnist        6  v10_vs_random            0.25   0.030  20  -0.0048  -0.0081  -0.0021  0.0038  0.0457  YES  yes 
mnist        6  v10_vs_random            0.25   0.050  20  -0.0042  -0.0082  -0.0008  0.0441  0.4405  no   yes 
mnist        6  v10_vs_random            0.25   0.100  20  -0.0018  -0.0078  +0.0039  0.7841  1.0000  no   yes 
mnist        6  v10_vs_random            0.40   0.000  20  +0.0040  -0.0017  +0.0107  0.5217  1.0000  no   yes 
mnist        6  v10_vs_random            0.40   0.030  20  +0.0034  -0.0019  +0.0102  0.7562  1.0000  no   yes 
mnist        6  v10_vs_random            0.40   0.050  20  +0.0034  -0.0022  +0.0105  0.7012  1.0000  no   yes 
mnist        6  v10_vs_random            0.40   0.100  20  +0.0056  -0.0015  +0.0139  0.4980  1.0000  no   yes 
mnist        6  v10_vs_magnitude         0.10   0.000  20  -0.0088  -0.0137  -0.0041  0.0017  0.0186  YES  yes 
mnist        6  v10_vs_magnitude         0.10   0.030  20  -0.0022  -0.0067  +0.0021  0.3884  1.0000  no   yes 
mnist        6  v10_vs_magnitude         0.10   0.050  20  +0.0043  -0.0003  +0.0089  0.1231  0.8616  no   yes 
mnist        6  v10_vs_magnitude         0.10   0.100  20  +0.0131  +0.0084  +0.0181  0.0000  0.0004  YES  yes 
mnist        6  v10_vs_magnitude         0.25   0.000  20  -0.0075  -0.0116  -0.0037  0.0017  0.0186  YES  yes 
mnist        6  v10_vs_magnitude         0.25   0.030  20  -0.0007  -0.0044  +0.0033  0.5958  1.0000  no   yes 
mnist        6  v10_vs_magnitude         0.25   0.050  20  +0.0055  +0.0002  +0.0120  0.1650  0.9539  no   yes 
mnist        6  v10_vs_magnitude         0.25   0.100  20  +0.0158  +0.0061  +0.0301  0.0037  0.0329  YES  yes 
mnist        6  v10_vs_magnitude         0.40   0.000  20  +0.0058  -0.0030  +0.0158  1.0000  1.0000  no   yes 
mnist        6  v10_vs_magnitude         0.40   0.030  20  +0.0080  -0.0005  +0.0174  0.5217  1.0000  no   yes 
mnist        6  v10_vs_magnitude         0.40   0.050  20  +0.0100  +0.0021  +0.0187  0.1590  0.9539  no   yes 
mnist        6  v10_vs_magnitude         0.40   0.100  20  +0.0139  +0.0058  +0.0227  0.0172  0.1375  no   yes 
mnist        6  v10_vs_movement_only     0.10   0.000  20  -0.0007  -0.0030  +0.0016  0.5459  1.0000  no   yes 
mnist        6  v10_vs_movement_only     0.10   0.030  20  -0.0009  -0.0036  +0.0020  0.4749  1.0000  no   yes 
mnist        6  v10_vs_movement_only     0.10   0.050  20  -0.0007  -0.0041  +0.0031  0.5706  1.0000  no   yes 
mnist        6  v10_vs_movement_only     0.10   0.100  20  -0.0013  -0.0059  +0.0038  0.2943  1.0000  no   yes 
mnist        6  v10_vs_movement_only     0.25   0.000  20  +0.0006  -0.0030  +0.0043  0.9854  1.0000  no   yes 
mnist        6  v10_vs_movement_only     0.25   0.030  20  +0.0006  -0.0029  +0.0043  1.0000  1.0000  no   yes 
mnist        6  v10_vs_movement_only     0.25   0.050  20  +0.0011  -0.0027  +0.0051  0.7841  1.0000  no   yes 
mnist        6  v10_vs_movement_only     0.25   0.100  20  +0.0025  -0.0019  +0.0069  0.3300  1.0000  no   yes 
mnist        6  v10_vs_movement_only     0.40   0.000  20  +0.0124  +0.0037  +0.0219  0.0215  0.1934  no   yes 
mnist        6  v10_vs_movement_only     0.40   0.030  20  +0.0131  +0.0051  +0.0219  0.0172  0.1718  no   yes 
mnist        6  v10_vs_movement_only     0.40   0.050  20  +0.0140  +0.0060  +0.0226  0.0085  0.0933  no   yes 
mnist        6  v10_vs_movement_only     0.40   0.100  20  +0.0153  +0.0076  +0.0236  0.0023  0.0279  YES  yes 
mnist        6  regrow_effect            0.10   0.000  20  +0.0008  -0.0008  +0.0024  0.3683  1.0000  no   yes 
mnist        6  regrow_effect            0.10   0.030  20  +0.0007  -0.0009  +0.0024  0.3488  1.0000  no   yes 
mnist        6  regrow_effect            0.10   0.050  20  +0.0006  -0.0014  +0.0028  0.7012  1.0000  no   yes 
mnist        6  regrow_effect            0.10   0.100  20  -0.0006  -0.0033  +0.0024  0.3884  1.0000  no   yes 
mnist        6  regrow_effect            0.25   0.000  20  +0.0001  -0.0050  +0.0042  0.6215  1.0000  no   yes 
mnist        6  regrow_effect            0.25   0.030  20  +0.0003  -0.0046  +0.0045  0.6477  1.0000  no   yes 
mnist        6  regrow_effect            0.25   0.050  20  +0.0006  -0.0043  +0.0050  0.6215  1.0000  no   yes 
mnist        6  regrow_effect            0.25   0.100  20  +0.0009  -0.0035  +0.0051  0.7562  1.0000  no   yes 
mnist        6  regrow_effect            0.40   0.000  20  +0.0111  +0.0016  +0.0211  0.0583  0.5243  no   yes 
mnist        6  regrow_effect            0.40   0.030  20  +0.0114  +0.0032  +0.0203  0.0441  0.4405  no   yes 
mnist        6  regrow_effect            0.40   0.050  20  +0.0117  +0.0038  +0.0207  0.0328  0.3605  no   yes 
mnist        6  regrow_effect            0.40   0.100  20  +0.0107  +0.0025  +0.0195  0.0296  0.3549  no   yes 
mnist        6  distill_effect           0.10   0.000  20  -0.0015  -0.0039  +0.0006  0.4304  1.0000  no   yes 
mnist        6  distill_effect           0.10   0.030  20  -0.0016  -0.0045  +0.0011  0.4304  1.0000  no   yes 
mnist        6  distill_effect           0.10   0.050  20  -0.0013  -0.0048  +0.0019  0.6215  1.0000  no   yes 
mnist        6  distill_effect           0.10   0.100  20  -0.0007  -0.0048  +0.0030  0.7285  1.0000  no   yes 
mnist        6  distill_effect           0.25   0.000  20  +0.0005  -0.0034  +0.0052  0.8124  1.0000  no   yes 
mnist        6  distill_effect           0.25   0.030  20  +0.0002  -0.0030  +0.0040  0.7285  1.0000  no   yes 
mnist        6  distill_effect           0.25   0.050  20  +0.0005  -0.0028  +0.0039  0.8695  1.0000  no   yes 
mnist        6  distill_effect           0.25   0.100  20  +0.0016  -0.0013  +0.0044  0.2611  1.0000  no   yes 
mnist        6  distill_effect           0.40   0.000  20  +0.0013  -0.0007  +0.0035  0.4304  1.0000  no   yes 
mnist        6  distill_effect           0.40   0.030  20  +0.0017  -0.0002  +0.0038  0.0897  0.9866  no   yes 
mnist        6  distill_effect           0.40   0.050  20  +0.0023  -0.0002  +0.0047  0.0973  0.9866  no   yes 
mnist        6  distill_effect           0.40   0.100  20  +0.0046  -0.0003  +0.0101  0.0484  0.5813  no   yes 
mnist        6  quant_effect_in_pruned   0.10   0.000  20  -0.0003  -0.0018  +0.0012  0.4749  1.0000  no   yes 
mnist        6  quant_effect_in_pruned   0.10   0.030  20  -0.0004  -0.0025  +0.0018  0.3134  1.0000  no   yes 
mnist        6  quant_effect_in_pruned   0.10   0.050  20  -0.0003  -0.0027  +0.0021  0.3905  1.0000  no   yes 
mnist        6  quant_effect_in_pruned   0.10   0.100  20  -0.0004  -0.0026  +0.0020  0.5459  1.0000  no   yes 
mnist        6  quant_effect_in_pruned   0.25   0.000  20  -0.0019  -0.0038  -0.0001  0.1054  1.0000  no   yes 
mnist        6  quant_effect_in_pruned   0.25   0.030  20  -0.0019  -0.0038  -0.0004  0.0328  0.3932  no   yes 
mnist        6  quant_effect_in_pruned   0.25   0.050  20  -0.0016  -0.0039  +0.0004  0.2024  1.0000  no   yes 
mnist        6  quant_effect_in_pruned   0.25   0.100  20  -0.0006  -0.0034  +0.0023  0.6742  1.0000  no   yes 
mnist        6  quant_effect_in_pruned   0.40   0.000  20  -0.0011  -0.0031  +0.0008  0.5503  1.0000  no   yes 
mnist        6  quant_effect_in_pruned   0.40   0.030  20  -0.0005  -0.0022  +0.0012  0.8695  1.0000  no   yes 
mnist        6  quant_effect_in_pruned   0.40   0.050  20  +0.0001  -0.0020  +0.0021  0.8983  1.0000  no   yes 
mnist        6  quant_effect_in_pruned   0.40   0.100  20  +0.0016  -0.0016  +0.0054  0.7285  1.0000  no   yes 
mnist        6  protect_effect           0.10   0.000  20  +0.0003  -0.0009  +0.0015  0.5076  1.0000  no   yes 
mnist        6  protect_effect           0.10   0.030  20  -0.0007  -0.0029  +0.0011  0.7989  1.0000  no   yes 
mnist        6  protect_effect           0.10   0.050  20  -0.0011  -0.0037  +0.0010  0.5751  1.0000  no   yes 
mnist        6  protect_effect           0.10   0.100  20  -0.0012  -0.0039  +0.0013  0.4446  1.0000  no   yes 
mnist        6  protect_effect           0.25   0.000  20  +0.0000  -0.0052  +0.0067  0.7112  1.0000  no   yes 
mnist        6  protect_effect           0.25   0.030  20  +0.0011  -0.0044  +0.0081  0.8107  1.0000  no   yes 
mnist        6  protect_effect           0.25   0.050  20  +0.0020  -0.0038  +0.0093  0.6791  1.0000  no   yes 
mnist        6  protect_effect           0.25   0.100  20  +0.0035  -0.0032  +0.0132  0.6475  1.0000  no   yes 
mnist        6  protect_effect           0.40   0.000  20  -0.0003  -0.0037  +0.0031  0.6742  1.0000  no   yes 
mnist        6  protect_effect           0.40   0.030  20  -0.0003  -0.0030  +0.0025  0.9563  1.0000  no   yes 
mnist        6  protect_effect           0.40   0.050  20  -0.0004  -0.0030  +0.0023  0.7285  1.0000  no   yes 
mnist        6  protect_effect           0.40   0.100  20  -0.0004  -0.0035  +0.0028  0.8408  1.0000  no   yes 

How to read this: only Holm-significant rows are evidence of a difference; only NI=yes rows are evidence of (near-)equivalence at the stated margin. v10_vs_random / v10_vs_magnitude are the tests of whether the movement+RigL machinery beats trivial pruning. pruning_cost_given_qat isolates pruning from quantization; quantization_cost isolates quantization.
See *_results.csv, *_aggregate.csv, *_contrasts_<metric>.csv, *_sanity_baseline.csv.
